origin,hour,y_true,y_pred,model
2017-10-13,0,30.53,27.198834161342855,B1+B4
2017-10-13,1,29.38,26.646539100656568,B1+B4
2017-10-13,2,28.34,26.98347071890123,B1+B4
2017-10-13,3,28.46,24.969169401825546,B1+B4
2017-10-13,4,29.03,25.707377380804836,B1+B4
2017-10-13,5,31.47,30.980823414053386,B1+B4
2017-10-13,6,43.08,39.73747732110616,B1+B4
2017-10-13,7,59.93,51.779761196110684,B1+B4
2017-10-13,8,64.82,52.89021362385355,B1+B4
2017-10-13,9,50.81,50.264159245303375,B1+B4
2017-10-13,10,46.46,45.341424797914456,B1+B4
2017-10-13,11,44.4,38.86264412766058,B1+B4
2017-10-13,12,38.03,31.66953318205969,B1+B4
2017-10-13,13,33.49,30.055346071577734,B1+B4
2017-10-13,14,31.29,28.258852120586017,B1+B4
2017-10-13,15,34.72,30.841127601557716,B1+B4
2017-10-13,16,36.99,32.77148214464068,B1+B4
2017-10-13,17,46.45,38.61797387565488,B1+B4
2017-10-13,18,55.9,43.82584702056002,B1+B4
2017-10-13,19,49.9,46.41691183733669,B1+B4
2017-10-13,20,39.27,39.715979933727795,B1+B4
2017-10-13,21,35.21,35.947869298172414,B1+B4
2017-10-13,22,31.66,32.49135467850092,B1+B4
2017-10-13,23,29.63,27.388106111222267,B1+B4
2017-10-14,0,28.0,28.709739983990705,B1+B4
2017-10-14,1,26.99,26.10207341611448,B1+B4
2017-10-14,2,27.41,25.254432906770177,B1+B4
2017-10-14,3,26.4,24.277008791179572,B1+B4
2017-10-14,4,26.17,24.474671646993244,B1+B4
2017-10-14,5,26.1,25.47485709701287,B1+B4
2017-10-14,6,28.0,25.52987224945234,B1+B4
2017-10-14,7,33.99,27.44278554494049,B1+B4
2017-10-14,8,39.42,29.98706154241897,B1+B4
2017-10-14,9,35.95,30.42420678539352,B1+B4
2017-10-14,10,28.04,25.182033726727504,B1+B4
2017-10-14,11,22.86,22.000645953160593,B1+B4
2017-10-14,12,26.07,19.928217275922655,B1+B4
2017-10-14,13,12.67,18.556729938632827,B1+B4
2017-10-14,14,13.31,18.300976055525055,B1+B4
2017-10-14,15,26.42,21.34467787281519,B1+B4
2017-10-14,16,31.44,25.033083713479158,B1+B4
2017-10-14,17,40.02,34.44355033511776,B1+B4
2017-10-14,18,49.71,41.05329287556152,B1+B4
2017-10-14,19,52.51,42.60829752944485,B1+B4
2017-10-14,20,43.97,36.205638575799824,B1+B4
2017-10-14,21,40.03,34.27882187776446,B1+B4
2017-10-14,22,39.07,34.135939115873946,B1+B4
2017-10-14,23,31.43,31.233022284279155,B1+B4
2017-10-15,0,34.26,29.404890042475458,B1+B4
2017-10-15,1,31.56,27.779869912006568,B1+B4
2017-10-15,2,30.41,26.316224979095573,B1+B4
2017-10-15,3,29.27,26.03166229652077,B1+B4
2017-10-15,4,29.04,24.959768849691276,B1+B4
2017-10-15,5,28.91,25.02467342989899,B1+B4
2017-10-15,6,31.18,29.610398625968852,B1+B4
2017-10-15,7,35.9,31.69376007325052,B1+B4
2017-10-15,8,34.22,35.142331435249105,B1+B4
2017-10-15,9,33.24,32.53687779616415,B1+B4
2017-10-15,10,31.58,29.796092185195256,B1+B4
2017-10-15,11,30.97,26.06010290828201,B1+B4
2017-10-15,12,22.77,22.672492613255297,B1+B4
2017-10-15,13,17.07,17.96767735392871,B1+B4
2017-10-15,14,22.44,13.14440007654932,B1+B4
2017-10-15,15,26.63,19.079565526223355,B1+B4
2017-10-15,16,28.03,22.053176765908468,B1+B4
2017-10-15,17,39.38,32.09848590376446,B1+B4
2017-10-15,18,45.05,40.834903945178574,B1+B4
2017-10-15,19,45.04,41.52780778636515,B1+B4
2017-10-15,20,31.75,34.54891954607387,B1+B4
2017-10-15,21,31.73,31.230882582287215,B1+B4
2017-10-15,22,29.09,31.275897383675776,B1+B4
2017-10-15,23,18.4,25.77297329845546,B1+B4
2017-10-16,0,22.99,20.775630636700825,B1+B4
2017-10-16,1,21.26,20.559052288532065,B1+B4
2017-10-16,2,21.86,21.14101329768087,B1+B4
2017-10-16,3,21.79,21.02000998926669,B1+B4
2017-10-16,4,22.93,22.934060301290813,B1+B4
2017-10-16,5,28.9,26.75068786929186,B1+B4
2017-10-16,6,42.0,37.351369285310376,B1+B4
2017-10-16,7,55.34,47.54487625192034,B1+B4
2017-10-16,8,51.65,46.93963955747739,B1+B4
2017-10-16,9,43.12,44.934786877683734,B1+B4
2017-10-16,10,37.3,38.45263212877199,B1+B4
2017-10-16,11,33.16,35.71499909075394,B1+B4
2017-10-16,12,32.26,33.14917346797558,B1+B4
2017-10-16,13,31.68,31.50521020452917,B1+B4
2017-10-16,14,40.56,33.14303985297875,B1+B4
2017-10-16,15,42.5,37.14183166150969,B1+B4
2017-10-16,16,44.62,41.689282463088354,B1+B4
2017-10-16,17,50.9,52.54964549747707,B1+B4
2017-10-16,18,63.47,64.774718762438,B1+B4
2017-10-16,19,66.73,63.449833208309016,B1+B4
2017-10-16,20,45.95,42.83399298800204,B1+B4
2017-10-16,21,39.05,35.72191697692137,B1+B4
2017-10-16,22,34.07,33.751651685951686,B1+B4
2017-10-16,23,31.11,27.113425516516386,B1+B4
2017-10-17,0,28.95,28.485539644079992,B1+B4
2017-10-17,1,27.02,27.455927662262624,B1+B4
2017-10-17,2,26.99,26.65778001242312,B1+B4
2017-10-17,3,27.04,26.00087224501072,B1+B4
2017-10-17,4,28.06,28.27653342491014,B1+B4
2017-10-17,5,30.57,31.39449510811216,B1+B4
2017-10-17,6,34.99,38.50720592769296,B1+B4
2017-10-17,7,46.16,49.3350484633542,B1+B4
2017-10-17,8,44.97,48.11319388174682,B1+B4
2017-10-17,9,36.95,44.2460444257309,B1+B4
2017-10-17,10,33.46,38.80264251210123,B1+B4
2017-10-17,11,31.34,37.331946991220114,B1+B4
2017-10-17,12,29.24,32.50453760432958,B1+B4
2017-10-17,13,30.22,31.161357002593057,B1+B4
2017-10-17,14,29.72,32.49556755667285,B1+B4
2017-10-17,15,32.8,34.90494107366143,B1+B4
2017-10-17,16,35.47,38.73817950650261,B1+B4
2017-10-17,17,47.92,48.478793442992576,B1+B4
2017-10-17,18,63.36,59.51668224842261,B1+B4
2017-10-17,19,67.92,59.852845715493984,B1+B4
2017-10-17,20,47.38,46.57547465837643,B1+B4
2017-10-17,21,43.61,38.74712196202499,B1+B4
2017-10-17,22,39.99,38.12868853100461,B1+B4
2017-10-17,23,36.79,34.21571012959266,B1+B4
2017-10-18,0,33.22,34.56282804395456,B1+B4
2017-10-18,1,34.02,35.01572050733365,B1+B4
2017-10-18,2,34.02,37.01411098151754,B1+B4
2017-10-18,3,31.89,36.67937744612865,B1+B4
2017-10-18,4,31.81,37.889197029579364,B1+B4
2017-10-18,5,36.03,41.00752339489172,B1+B4
2017-10-18,6,49.87,53.40741632149623,B1+B4
2017-10-18,7,66.0,64.02981369926877,B1+B4
2017-10-18,8,69.94,67.8762247413629,B1+B4
2017-10-18,9,67.91,61.34209092965016,B1+B4
2017-10-18,10,64.42,54.441058293888695,B1+B4
2017-10-18,11,63.08,50.17211218314284,B1+B4
2017-10-18,12,47.93,45.257930020522515,B1+B4
2017-10-18,13,45.97,42.84229988298707,B1+B4
2017-10-18,14,46.07,42.790729936764016,B1+B4
2017-10-18,15,55.84,46.99474466492474,B1+B4
2017-10-18,16,62.65,51.65693513544102,B1+B4
2017-10-18,17,65.66,65.62196327653368,B1+B4
2017-10-18,18,73.41,80.9486535269508,B1+B4
2017-10-18,19,83.02,88.35173712593007,B1+B4
2017-10-18,20,66.84,58.137187450226904,B1+B4
2017-10-18,21,54.27,48.493993931047335,B1+B4
2017-10-18,22,40.45,44.5983119152867,B1+B4
2017-10-18,23,36.94,38.18364088258877,B1+B4
2017-10-19,0,34.28,37.77313187757574,B1+B4
2017-10-19,1,34.26,37.41221624318841,B1+B4
2017-10-19,2,33.59,34.38048043381986,B1+B4
2017-10-19,3,33.74,34.00221374843329,B1+B4
2017-10-19,4,34.0,34.238650114707845,B1+B4
2017-10-19,5,34.89,38.61184898523346,B1+B4
2017-10-19,6,53.71,48.653896649244345,B1+B4
2017-10-19,7,67.66,58.703126031062,B1+B4
2017-10-19,8,68.54,61.13596047230413,B1+B4
2017-10-19,9,67.82,57.012971748256675,B1+B4
2017-10-19,10,62.07,48.53367228222257,B1+B4
2017-10-19,11,49.97,44.134839493736806,B1+B4
2017-10-19,12,46.57,38.214357371969484,B1+B4
2017-10-19,13,41.55,37.296602640326476,B1+B4
2017-10-19,14,40.53,38.58334015218003,B1+B4
2017-10-19,15,43.63,43.142477717892525,B1+B4
2017-10-19,16,49.91,47.51168759185909,B1+B4
2017-10-19,17,58.01,53.53362513729655,B1+B4
2017-10-19,18,61.27,57.09176466727846,B1+B4
2017-10-19,19,54.3,58.314958724787445,B1+B4
2017-10-19,20,41.55,43.821528428910696,B1+B4
2017-10-19,21,34.6,36.60880798141428,B1+B4
2017-10-19,22,34.87,34.64186144016353,B1+B4
2017-10-19,23,31.04,30.40233618840128,B1+B4
2017-10-20,0,29.62,28.462878489096333,B1+B4
2017-10-20,1,29.02,27.705472847218825,B1+B4
2017-10-20,2,29.06,26.855603856821805,B1+B4
2017-10-20,3,29.88,26.78204007614574,B1+B4
2017-10-20,4,30.0,28.19073612139948,B1+B4
2017-10-20,5,31.01,29.289258621700256,B1+B4
2017-10-20,6,39.91,38.46271019614996,B1+B4
2017-10-20,7,47.05,45.705243408772525,B1+B4
2017-10-20,8,51.28,49.995498027084345,B1+B4
2017-10-20,9,47.0,46.688989963080324,B1+B4
2017-10-20,10,43.14,43.008776620046504,B1+B4
2017-10-20,11,41.28,40.93248067376379,B1+B4
2017-10-20,12,37.59,37.310996201566695,B1+B4
2017-10-20,13,33.06,34.35174769019409,B1+B4
2017-10-20,14,32.89,33.240621048976976,B1+B4
2017-10-20,15,32.61,36.220950326818,B1+B4
2017-10-20,16,33.04,39.22845038476215,B1+B4
2017-10-20,17,44.61,46.11640123018542,B1+B4
2017-10-20,18,47.86,49.70935126511354,B1+B4
2017-10-20,19,46.94,49.75697803064511,B1+B4
2017-10-20,20,38.98,40.56915011511157,B1+B4
2017-10-20,21,41.84,35.98463797337117,B1+B4
2017-10-20,22,35.86,34.33482194256548,B1+B4
2017-10-20,23,32.74,30.705217737959817,B1+B4
2017-10-21,0,35.0,30.971058042907124,B1+B4
2017-10-21,1,32.52,29.907278996568035,B1+B4
2017-10-21,2,32.05,30.030134576017613,B1+B4
2017-10-21,3,30.84,29.919744723118153,B1+B4
2017-10-21,4,29.35,30.246704520348715,B1+B4
2017-10-21,5,30.3,30.79789410867267,B1+B4
2017-10-21,6,31.16,32.751687800654835,B1+B4
2017-10-21,7,35.88,35.9762599335665,B1+B4
2017-10-21,8,41.91,40.71061286822941,B1+B4
2017-10-21,9,46.07,43.22317946779599,B1+B4
2017-10-21,10,47.71,43.144710935403026,B1+B4
2017-10-21,11,45.98,42.04421203430852,B1+B4
2017-10-21,12,35.0,39.367022316726015,B1+B4
2017-10-21,13,31.02,34.48816493119725,B1+B4
2017-10-21,14,32.09,32.45744695602761,B1+B4
2017-10-21,15,32.0,32.04064431440648,B1+B4
2017-10-21,16,32.09,33.2187025896783,B1+B4
2017-10-21,17,36.56,38.182923678768006,B1+B4
2017-10-21,18,40.2,43.66685804623032,B1+B4
2017-10-21,19,40.71,42.655057342479935,B1+B4
2017-10-21,20,31.75,35.439498028480536,B1+B4
2017-10-21,21,28.59,31.568429650448863,B1+B4
2017-10-21,22,27.5,30.89468225716686,B1+B4
2017-10-21,23,15.48,26.36896710819443,B1+B4
2017-10-22,0,19.1,20.102445469612842,B1+B4
2017-10-22,1,19.03,16.25322957735607,B1+B4
2017-10-22,2,16.9,17.83867430400501,B1+B4
2017-10-22,3,12.98,14.019155463572327,B1+B4
2017-10-22,4,9.24,13.561060715056113,B1+B4
2017-10-22,5,5.23,15.62444017124861,B1+B4
2017-10-22,6,9.86,13.608955188932516,B1+B4
2017-10-22,7,9.85,15.536239665916145,B1+B4
2017-10-22,8,13.04,17.541922934461137,B1+B4
2017-10-22,9,12.9,18.130156614313407,B1+B4
2017-10-22,10,13.09,18.514144005989678,B1+B4
2017-10-22,11,14.3,20.846338124857063,B1+B4
2017-10-22,12,13.58,20.978453996414814,B1+B4
2017-10-22,13,13.44,18.8773083778445,B1+B4
2017-10-22,14,13.5,22.004855891876485,B1+B4
2017-10-22,15,23.39,23.39273731537009,B1+B4
2017-10-22,16,28.65,25.897025330125004,B1+B4
2017-10-22,17,34.45,33.18531765897653,B1+B4
2017-10-22,18,49.9,41.58587943648122,B1+B4
2017-10-22,19,49.97,42.971793548463936,B1+B4
2017-10-22,20,44.92,35.46846953359582,B1+B4
2017-10-22,21,35.88,33.00709605857974,B1+B4
2017-10-22,22,32.24,31.885945948374438,B1+B4
2017-10-22,23,29.05,27.449242144619046,B1+B4
2017-10-23,0,28.61,27.759484746197916,B1+B4
2017-10-23,1,27.86,25.575664939043058,B1+B4
2017-10-23,2,26.43,25.459995430042564,B1+B4
2017-10-23,3,23.07,24.005977263142366,B1+B4
2017-10-23,4,22.22,25.620515956191404,B1+B4
2017-10-23,5,30.33,29.368643369355308,B1+B4
2017-10-23,6,42.36,39.263311673329696,B1+B4
2017-10-23,7,50.21,49.901311083787654,B1+B4
2017-10-23,8,50.0,50.142106681695964,B1+B4
2017-10-23,9,45.39,49.76434550802034,B1+B4
2017-10-23,10,46.02,47.90825578180982,B1+B4
2017-10-23,11,46.1,50.66262385848102,B1+B4
2017-10-23,12,43.16,45.59956229450215,B1+B4
2017-10-23,13,46.34,42.64955521037834,B1+B4
2017-10-23,14,46.74,42.73012121847077,B1+B4
2017-10-23,15,46.01,46.335404914290876,B1+B4
2017-10-23,16,46.08,48.463941322367106,B1+B4
2017-10-23,17,49.66,58.3174147604859,B1+B4
2017-10-23,18,54.2,66.34368982603448,B1+B4
2017-10-23,19,53.91,63.669097997749155,B1+B4
2017-10-23,20,50.12,49.36617849827116,B1+B4
2017-10-23,21,45.48,42.384709994985066,B1+B4
2017-10-23,22,37.7,37.66773204224552,B1+B4
2017-10-23,23,36.0,33.49284487306306,B1+B4
2017-10-24,0,31.68,35.22447134866982,B1+B4
2017-10-24,1,32.41,35.14205086627861,B1+B4
2017-10-24,2,32.09,36.179919630216034,B1+B4
2017-10-24,3,31.67,34.97718599815856,B1+B4
2017-10-24,4,32.07,34.207612356479714,B1+B4
2017-10-24,5,34.3,36.88779845057729,B1+B4
2017-10-24,6,43.56,45.77881491829726,B1+B4
2017-10-24,7,46.59,51.23421785225652,B1+B4
2017-10-24,8,53.91,54.71166959029917,B1+B4
2017-10-24,9,48.42,53.81657579858209,B1+B4
2017-10-24,10,49.08,53.10818778465557,B1+B4
2017-10-24,11,45.39,52.00034941874867,B1+B4
2017-10-24,12,38.58,46.4634648622182,B1+B4
2017-10-24,13,38.23,45.408033787954174,B1+B4
2017-10-24,14,36.99,42.42770262667179,B1+B4
2017-10-24,15,36.99,42.912944875608616,B1+B4
2017-10-24,16,36.1,42.1685347940047,B1+B4
2017-10-24,17,39.68,46.00162640805356,B1+B4
2017-10-24,18,44.9,48.81035773123451,B1+B4
2017-10-24,19,39.56,46.77257965391557,B1+B4
2017-10-24,20,33.0,38.13740927668609,B1+B4
2017-10-24,21,32.6,32.424820329195946,B1+B4
2017-10-24,22,30.18,28.45582364393251,B1+B4
2017-10-24,23,27.02,24.124274044742187,B1+B4
2017-10-25,0,15.78,26.211381897721406,B1+B4
2017-10-25,1,15.05,24.284311339989323,B1+B4
2017-10-25,2,12.79,22.22963159864701,B1+B4
2017-10-25,3,13.99,23.378273601152245,B1+B4
2017-10-25,4,17.03,24.44861818536418,B1+B4
2017-10-25,5,26.35,27.637664361882607,B1+B4
2017-10-25,6,34.67,35.36824355516819,B1+B4
2017-10-25,7,44.84,42.62752082251441,B1+B4
2017-10-25,8,45.0,43.96887372412087,B1+B4
2017-10-25,9,43.94,41.66836708619312,B1+B4
2017-10-25,10,37.11,38.31664942186377,B1+B4
2017-10-25,11,31.57,36.045794065441875,B1+B4
2017-10-25,12,29.79,30.544927390665443,B1+B4
2017-10-25,13,29.66,28.213552390145026,B1+B4
2017-10-25,14,30.0,28.92792096319023,B1+B4
2017-10-25,15,31.05,31.207938040047367,B1+B4
2017-10-25,16,34.03,34.01410396754154,B1+B4
2017-10-25,17,44.74,41.83608120547323,B1+B4
2017-10-25,18,50.56,48.20130405214264,B1+B4
2017-10-25,19,56.85,48.69875313806632,B1+B4
2017-10-25,20,46.19,40.08420152898247,B1+B4
2017-10-25,21,45.92,38.12085841680272,B1+B4
2017-10-25,22,40.58,36.399105317390124,B1+B4
2017-10-25,23,33.09,30.860293749475254,B1+B4
2017-10-26,0,31.67,31.187901703581105,B1+B4
2017-10-26,1,32.18,29.95794328904412,B1+B4
2017-10-26,2,32.21,28.011790078323543,B1+B4
2017-10-26,3,32.25,28.82441718509304,B1+B4
2017-10-26,4,32.25,30.10025145529467,B1+B4
2017-10-26,5,35.36,32.79877829149173,B1+B4
2017-10-26,6,45.25,44.53288461997538,B1+B4
2017-10-26,7,55.93,53.166488477635625,B1+B4
2017-10-26,8,56.93,55.87956664649316,B1+B4
2017-10-26,9,51.9,53.309240774429135,B1+B4
2017-10-26,10,46.01,49.6881016486182,B1+B4
2017-10-26,11,43.25,41.79644345829868,B1+B4
2017-10-26,12,38.3,36.935256202036946,B1+B4
2017-10-26,13,32.38,34.46659598833629,B1+B4
2017-10-26,14,33.07,33.41334425355234,B1+B4
2017-10-26,15,36.97,37.56235558209274,B1+B4
2017-10-26,16,45.42,40.99161490544876,B1+B4
2017-10-26,17,48.91,47.51210231972355,B1+B4
2017-10-26,18,50.03,50.63868676833987,B1+B4
2017-10-26,19,50.93,49.32494982623035,B1+B4
2017-10-26,20,40.99,40.25984806086062,B1+B4
2017-10-26,21,34.97,36.32518654833499,B1+B4
2017-10-26,22,32.34,33.42505135546982,B1+B4
2017-10-26,23,30.92,27.594199430289876,B1+B4
2017-10-27,0,22.48,27.437038206768907,B1+B4
2017-10-27,1,21.71,24.84192991186299,B1+B4
2017-10-27,2,12.9,22.50667337957363,B1+B4
2017-10-27,3,12.81,22.17941012492514,B1+B4
2017-10-27,4,19.04,22.903249543187236,B1+B4
2017-10-27,5,24.01,25.867221456946957,B1+B4
2017-10-27,6,32.0,33.297015436831096,B1+B4
2017-10-27,7,36.79,38.36691285448848,B1+B4
2017-10-27,8,38.91,40.267552750928324,B1+B4
2017-10-27,9,38.69,37.21619913346304,B1+B4
2017-10-27,10,38.36,34.665332644080465,B1+B4
2017-10-27,11,33.52,30.104382084377008,B1+B4
2017-10-27,12,28.51,26.210918069159376,B1+B4
2017-10-27,13,25.97,23.975966351440256,B1+B4
2017-10-27,14,27.09,22.789125199382433,B1+B4
2017-10-27,15,26.99,25.96730437448903,B1+B4
2017-10-27,16,30.01,29.35782833808416,B1+B4
2017-10-27,17,37.8,37.412442880513474,B1+B4
2017-10-27,18,44.93,41.99412914153579,B1+B4
2017-10-27,19,46.93,44.249776545597555,B1+B4
2017-10-27,20,44.18,36.186010093643674,B1+B4
2017-10-27,21,35.99,34.35505976972257,B1+B4
2017-10-27,22,32.04,32.385261573681774,B1+B4
2017-10-27,23,19.17,28.43770258731896,B1+B4
2017-10-28,0,16.04,18.938208286788377,B1+B4
2017-10-28,1,9.41,14.467477301616892,B1+B4
2017-10-28,2,0.03,13.762406246246517,B1+B4
2017-10-28,3,-9.69,11.203272749793154,B1+B4
2017-10-28,4,-13.02,12.064772712865127,B1+B4
2017-10-28,5,-15.01,15.05981077129446,B1+B4
2017-10-28,6,-9.6,18.331117368966126,B1+B4
2017-10-28,7,0.12,22.69107401541092,B1+B4
2017-10-28,8,0.12,29.392755002257147,B1+B4
2017-10-28,9,5.41,27.896173566028274,B1+B4
2017-10-28,10,0.27,24.35015355226463,B1+B4
2017-10-28,11,0.11,23.407004594255277,B1+B4
2017-10-28,12,-0.1,19.816309738684975,B1+B4
2017-10-28,13,-13.38,15.364241003384977,B1+B4
2017-10-28,14,-31.42,14.199489700818345,B1+B4
2017-10-28,15,-17.03,14.58897312937371,B1+B4
2017-10-28,16,-4.02,18.79836126358465,B1+B4
2017-10-28,17,0.08,22.757609674922996,B1+B4
2017-10-28,18,7.56,25.265728908501423,B1+B4
2017-10-28,19,8.89,25.16685183166011,B1+B4
2017-10-28,20,0.23,14.85640510913576,B1+B4
2017-10-28,21,-38.19,17.47199337445409,B1+B4
2017-10-28,22,-49.98,10.551087255527303,B1+B4
2017-10-28,23,-70.09,-5.83713932035106,B1+B4
2017-10-29,0,-79.94,-58.08380347534836,B1+B4
2017-10-29,1,-83.0,-83.11712045288368,B1+B4
2017-10-29,2,-83.03,-112.50794106006151,B1+B4
2017-10-29,3,-83.03,-68.00512675699662,B1+B4
2017-10-29,4,-83.04,-75.92167525898446,B1+B4
2017-10-29,5,-83.02,-55.27162489015328,B1+B4
2017-10-29,6,-83.01,-21.263283970277612,B1+B4
2017-10-29,7,-80.0,-18.04360510184747,B1+B4
2017-10-29,8,-79.96,-18.87458760417971,B1+B4
2017-10-29,9,-76.02,-23.21356253572081,B1+B4
2017-10-29,10,-67.08,-7.7269415732819695,B1+B4
2017-10-29,11,-81.95,-7.365738472084118,B1+B4
2017-10-29,12,-67.07,-11.510041509822244,B1+B4
2017-10-29,13,-80.07,-11.600794296701483,B1+B4
2017-10-29,14,-79.95,-3.320558941463922,B1+B4
2017-10-29,15,-76.06,2.6088857220959483,B1+B4
2017-10-29,16,-0.92,9.45525275460459,B1+B4
2017-10-29,17,8.51,17.703054366534676,B1+B4
2017-10-29,18,27.62,31.69329701371302,B1+B4
2017-10-29,19,29.77,34.17484477472357,B1+B4
2017-10-29,20,22.06,30.067149630020506,B1+B4
2017-10-29,21,17.0,23.959445018857878,B1+B4
2017-10-29,22,12.44,25.521126908312837,B1+B4
2017-10-29,23,-70.05,19.63215203735087,B1+B4
2017-10-30,0,0.75,-20.447716554442003,B1+B4
2017-10-30,1,0.01,-31.416839829273684,B1+B4
2017-10-30,2,0.08,-47.15527955799466,B1+B4
2017-10-30,3,4.05,-28.842553401377025,B1+B4
2017-10-30,4,2.95,-15.035642512894118,B1+B4
2017-10-30,5,18.09,5.2824687409234485,B1+B4
2017-10-30,6,28.42,23.052907477692564,B1+B4
2017-10-30,7,36.43,32.02616598097808,B1+B4
2017-10-30,8,33.48,34.485794545328794,B1+B4
2017-10-30,9,30.38,31.068601746042663,B1+B4
2017-10-30,10,29.74,25.28363157828574,B1+B4
2017-10-30,11,29.46,21.505958035543774,B1+B4
2017-10-30,12,29.7,19.106785104356984,B1+B4
2017-10-30,13,29.98,19.285313392553775,B1+B4
2017-10-30,14,36.36,21.87530187206528,B1+B4
2017-10-30,15,43.99,26.268757356548566,B1+B4
2017-10-30,16,46.34,29.610151084141904,B1+B4
2017-10-30,17,61.0,39.59176550145059,B1+B4
2017-10-30,18,70.09,44.44541644463721,B1+B4
2017-10-30,19,51.98,44.10523030003771,B1+B4
2017-10-30,20,48.13,37.2424322995615,B1+B4
2017-10-30,21,47.18,33.08133138414,B1+B4
2017-10-30,22,46.05,31.727203536138102,B1+B4
2017-10-30,23,41.97,22.326549180278036,B1+B4
2017-10-31,0,30.08,37.57881351116874,B1+B4
2017-10-31,1,30.89,36.19748350538074,B1+B4
2017-10-31,2,30.01,31.654819811833757,B1+B4
2017-10-31,3,29.09,33.4411210602982,B1+B4
2017-10-31,4,30.29,34.812847994921555,B1+B4
2017-10-31,5,32.24,36.429970782663915,B1+B4
2017-10-31,6,38.94,39.06089252147157,B1+B4
2017-10-31,7,37.9,43.55258571877903,B1+B4
2017-10-31,8,41.09,45.17741183631071,B1+B4
2017-10-31,9,39.92,41.27365598278151,B1+B4
2017-10-31,10,37.98,38.80822993616231,B1+B4
2017-10-31,11,39.97,36.67687933339255,B1+B4
2017-10-31,12,36.95,37.399289244344644,B1+B4
2017-10-31,13,34.14,35.18182925761976,B1+B4
2017-10-31,14,35.65,36.30591356992295,B1+B4
2017-10-31,15,38.99,39.98160322412857,B1+B4
2017-10-31,16,42.45,40.60986255420345,B1+B4
2017-10-31,17,46.92,45.33578353938169,B1+B4
2017-10-31,18,47.36,47.49038408411379,B1+B4
2017-10-31,19,44.31,42.72664196481765,B1+B4
2017-10-31,20,39.0,38.035636329840415,B1+B4
2017-10-31,21,37.1,35.37435644922414,B1+B4
2017-10-31,22,34.98,33.71587891652222,B1+B4
2017-10-31,23,30.82,29.11354838307631,B1+B4
2017-11-01,0,26.91,26.819189567233867,B1+B4
2017-11-01,1,23.06,25.570189258928345,B1+B4
2017-11-01,2,22.27,22.783154034143795,B1+B4
2017-11-01,3,22.97,23.142051553789223,B1+B4
2017-11-01,4,26.66,23.624421745786385,B1+B4
2017-11-01,5,27.03,25.693375741345,B1+B4
2017-11-01,6,29.07,27.232991327081297,B1+B4
2017-11-01,7,31.0,30.677782674941334,B1+B4
2017-11-01,8,36.06,32.411598241788425,B1+B4
2017-11-01,9,35.16,33.06073563354547,B1+B4
2017-11-01,10,32.37,30.95012858840752,B1+B4
2017-11-01,11,33.08,30.268880299819873,B1+B4
2017-11-01,12,29.79,26.33624436769152,B1+B4
2017-11-01,13,29.06,27.38608381513196,B1+B4
2017-11-01,14,29.18,28.266543141931322,B1+B4
2017-11-01,15,30.01,30.669011825020387,B1+B4
2017-11-01,16,36.93,32.946189269993184,B1+B4
2017-11-01,17,42.49,39.58073989619601,B1+B4
2017-11-01,18,43.93,41.26783665811603,B1+B4
2017-11-01,19,41.97,38.03849912601544,B1+B4
2017-11-01,20,36.52,33.380632778720546,B1+B4
2017-11-01,21,30.07,32.11595142581784,B1+B4
2017-11-01,22,27.02,29.92747130611128,B1+B4
2017-11-01,23,18.97,23.328989074908886,B1+B4
2017-11-02,0,20.18,21.507611760224258,B1+B4
2017-11-02,1,12.62,18.486129032361703,B1+B4
2017-11-02,2,12.61,13.270703562071919,B1+B4
2017-11-02,3,10.96,14.887615857662094,B1+B4
2017-11-02,4,14.04,17.41413483633618,B1+B4
2017-11-02,5,25.97,23.15806281055847,B1+B4
2017-11-02,6,35.05,32.3785492281254,B1+B4
2017-11-02,7,45.9,41.99870119901636,B1+B4
2017-11-02,8,43.83,42.85596530167947,B1+B4
2017-11-02,9,35.59,38.957649668069756,B1+B4
2017-11-02,10,32.33,35.07488531975239,B1+B4
2017-11-02,11,32.36,32.12658465042972,B1+B4
2017-11-02,12,31.32,31.997373346701536,B1+B4
2017-11-02,13,32.49,32.63616253396923,B1+B4
2017-11-02,14,33.94,33.2141475356289,B1+B4
2017-11-02,15,39.1,36.900272879121815,B1+B4
2017-11-02,16,45.95,42.90586461456381,B1+B4
2017-11-02,17,51.91,54.740359037928435,B1+B4
2017-11-02,18,51.92,56.99596468034963,B1+B4
2017-11-02,19,50.07,51.06459442711602,B1+B4
2017-11-02,20,46.01,44.9491720453213,B1+B4
2017-11-02,21,42.06,40.53330479185411,B1+B4
2017-11-02,22,36.12,38.60961388695849,B1+B4
2017-11-02,23,35.45,34.03374376189602,B1+B4
2017-11-03,0,36.07,35.01783926656924,B1+B4
2017-11-03,1,36.09,34.91028269461769,B1+B4
2017-11-03,2,36.13,33.99141812036244,B1+B4
2017-11-03,3,36.09,34.40744634152756,B1+B4
2017-11-03,4,38.24,36.64526010407728,B1+B4
2017-11-03,5,40.66,38.849120017176425,B1+B4
2017-11-03,6,52.97,47.41575012146515,B1+B4
2017-11-03,7,61.74,56.98218476463056,B1+B4
2017-11-03,8,65.8,59.39157899794387,B1+B4
2017-11-03,9,62.18,55.79997635519307,B1+B4
2017-11-03,10,58.69,55.76695882216214,B1+B4
2017-11-03,11,58.67,51.81945185212855,B1+B4
2017-11-03,12,54.55,47.14307239408555,B1+B4
2017-11-03,13,51.5,46.168074846293834,B1+B4
2017-11-03,14,51.17,46.136010013499615,B1+B4
2017-11-03,15,56.64,50.61770978999976,B1+B4
2017-11-03,16,60.88,57.18208358324783,B1+B4
2017-11-03,17,66.0,60.3622810888141,B1+B4
2017-11-03,18,68.68,58.442271320401,B1+B4
2017-11-03,19,58.63,51.54938989461646,B1+B4
2017-11-03,20,49.01,44.613253012166616,B1+B4
2017-11-03,21,39.01,40.4103950049533,B1+B4
2017-11-03,22,36.11,37.926851157200645,B1+B4
2017-11-03,23,34.97,32.88780301426168,B1+B4
2017-11-04,0,36.16,30.974300768135887,B1+B4
2017-11-04,1,35.06,30.11050564453595,B1+B4
2017-11-04,2,34.42,29.800933600557606,B1+B4
2017-11-04,3,33.61,29.5859041015812,B1+B4
2017-11-04,4,33.4,29.551062718921443,B1+B4
2017-11-04,5,33.22,29.198064005630478,B1+B4
2017-11-04,6,33.73,30.805365861650824,B1+B4
2017-11-04,7,37.63,35.86018889845829,B1+B4
2017-11-04,8,42.99,37.82178282570049,B1+B4
2017-11-04,9,40.39,39.24789961315089,B1+B4
2017-11-04,10,39.84,35.83357655089184,B1+B4
2017-11-04,11,37.02,34.65082503885939,B1+B4
2017-11-04,12,36.1,32.625328472387395,B1+B4
2017-11-04,13,34.33,29.959618504238634,B1+B4
2017-11-04,14,34.34,29.241668224579485,B1+B4
2017-11-04,15,35.04,31.130939489923474,B1+B4
2017-11-04,16,37.03,32.98457423890996,B1+B4
2017-11-04,17,43.94,37.68980191253493,B1+B4
2017-11-04,18,35.51,37.067818129801815,B1+B4
2017-11-04,19,32.25,33.23796807242876,B1+B4
2017-11-04,20,28.83,28.566672687624447,B1+B4
2017-11-04,21,26.77,24.75874727013963,B1+B4
2017-11-04,22,26.53,26.52024092634251,B1+B4
2017-11-04,23,20.65,23.291591310094276,B1+B4
2017-11-05,0,13.2,16.321932413452785,B1+B4
2017-11-05,1,13.2,17.05808551872944,B1+B4
2017-11-05,2,14.64,16.734454925735868,B1+B4
2017-11-05,3,11.68,17.68765358859796,B1+B4
2017-11-05,4,13.93,20.007160992648068,B1+B4
2017-11-05,5,20.01,21.390210236174205,B1+B4
2017-11-05,6,21.87,21.92655314088214,B1+B4
2017-11-05,7,24.6,24.423079184578253,B1+B4
2017-11-05,8,31.47,26.063169534425818,B1+B4
2017-11-05,9,33.92,28.025214025197528,B1+B4
2017-11-05,10,36.54,29.48143118247387,B1+B4
2017-11-05,11,38.9,32.76425528468438,B1+B4
2017-11-05,12,36.11,31.659978312535973,B1+B4
2017-11-05,13,36.2,27.90480069899884,B1+B4
2017-11-05,14,33.78,26.46190007793924,B1+B4
2017-11-05,15,33.96,27.78626973393293,B1+B4
2017-11-05,16,35.0,29.97398252495014,B1+B4
2017-11-05,17,41.82,35.793619328188434,B1+B4
2017-11-05,18,41.74,39.116286360776535,B1+B4
2017-11-05,19,42.82,38.372879864319735,B1+B4
2017-11-05,20,40.91,34.8427949371282,B1+B4
2017-11-05,21,39.59,31.011116445629515,B1+B4
2017-11-05,22,38.87,31.042507216164918,B1+B4
2017-11-05,23,35.0,26.2937818203443,B1+B4
2017-11-06,0,31.74,31.599843925467933,B1+B4
2017-11-06,1,33.73,30.5096974317085,B1+B4
2017-11-06,2,33.02,29.564060513279966,B1+B4
2017-11-06,3,27.61,27.802847088309434,B1+B4
2017-11-06,4,28.1,28.76109645850237,B1+B4
2017-11-06,5,32.99,32.071162215808656,B1+B4
2017-11-06,6,44.83,46.58521826811085,B1+B4
2017-11-06,7,54.96,54.738877221591366,B1+B4
2017-11-06,8,60.38,57.626694166176065,B1+B4
2017-11-06,9,55.38,56.25998375856109,B1+B4
2017-11-06,10,54.95,54.235642183825505,B1+B4
2017-11-06,11,54.97,56.43319521065003,B1+B4
2017-11-06,12,54.93,54.81263310713544,B1+B4
2017-11-06,13,55.91,58.340470603760664,B1+B4
2017-11-06,14,55.93,62.78897433065912,B1+B4
2017-11-06,15,57.85,70.69350171138534,B1+B4
2017-11-06,16,62.56,75.11495418758113,B1+B4
2017-11-06,17,78.28,81.24473440601832,B1+B4
2017-11-06,18,89.93,72.89476289612227,B1+B4
2017-11-06,19,74.51,67.33795013026098,B1+B4
2017-11-06,20,55.02,56.156768340787444,B1+B4
2017-11-06,21,50.61,47.53524474478789,B1+B4
2017-11-06,22,39.11,42.836969837777275,B1+B4
2017-11-06,23,37.1,36.707961727079166,B1+B4
2017-11-07,0,36.63,38.099519194406554,B1+B4
2017-11-07,1,35.05,37.09828555333982,B1+B4
2017-11-07,2,36.87,35.04504255158868,B1+B4
2017-11-07,3,36.02,33.76939031021246,B1+B4
2017-11-07,4,37.04,33.78354342817301,B1+B4
2017-11-07,5,34.43,36.059384776473465,B1+B4
2017-11-07,6,49.77,45.43594271622666,B1+B4
2017-11-07,7,59.26,53.540688643282465,B1+B4
2017-11-07,8,64.37,57.90054621421858,B1+B4
2017-11-07,9,55.07,53.42312954119337,B1+B4
2017-11-07,10,54.94,51.808820184456124,B1+B4
2017-11-07,11,54.92,49.270597334486745,B1+B4
2017-11-07,12,53.93,49.044994987771915,B1+B4
2017-11-07,13,54.94,51.46688951018956,B1+B4
2017-11-07,14,56.93,53.58808847219994,B1+B4
2017-11-07,15,66.75,57.89319932007127,B1+B4
2017-11-07,16,65.58,62.124780553845476,B1+B4
2017-11-07,17,81.56,65.07438190141887,B1+B4
2017-11-07,18,82.3,61.93682561349057,B1+B4
2017-11-07,19,64.2,55.70697524584145,B1+B4
2017-11-07,20,53.94,50.33875646232657,B1+B4
2017-11-07,21,46.94,43.73831704089539,B1+B4
2017-11-07,22,41.7,39.353148090499914,B1+B4
2017-11-07,23,37.86,36.89666219442811,B1+B4
2017-11-08,0,33.7,38.54123602816935,B1+B4
2017-11-08,1,33.62,39.377666309394726,B1+B4
2017-11-08,2,33.64,37.269537815620076,B1+B4
2017-11-08,3,33.62,39.38789937889048,B1+B4
2017-11-08,4,35.53,40.982403578351615,B1+B4
2017-11-08,5,36.15,42.53633245267933,B1+B4
2017-11-08,6,54.07,49.458238656731304,B1+B4
2017-11-08,7,75.76,62.780574785169655,B1+B4
2017-11-08,8,79.28,69.63558166167066,B1+B4
2017-11-08,9,77.07,70.44740845916837,B1+B4
2017-11-08,10,84.22,68.29287586860166,B1+B4
2017-11-08,11,84.98,69.87912547751077,B1+B4
2017-11-08,12,83.8,78.77732297342556,B1+B4
2017-11-08,13,88.19,77.00633545171213,B1+B4
2017-11-08,14,89.9,75.5917310269356,B1+B4
2017-11-08,15,81.89,71.67597590201711,B1+B4
2017-11-08,16,88.2,75.15169611549882,B1+B4
2017-11-08,17,111.4,87.26321290180834,B1+B4
2017-11-08,18,120.0,71.12140387084446,B1+B4
2017-11-08,19,89.93,66.72595808589239,B1+B4
2017-11-08,20,60.1,56.651217875928694,B1+B4
2017-11-08,21,52.32,49.880949498315516,B1+B4
2017-11-08,22,48.05,45.93286966633964,B1+B4
2017-11-08,23,38.57,38.43285422301267,B1+B4
2017-11-09,0,38.61,37.661563587663174,B1+B4
2017-11-09,1,39.3,38.41430041154423,B1+B4
2017-11-09,2,38.48,37.365228920881414,B1+B4
2017-11-09,3,40.53,36.63163653283403,B1+B4
2017-11-09,4,39.9,40.14147164342306,B1+B4
2017-11-09,5,43.95,40.83542245043712,B1+B4
2017-11-09,6,58.65,53.32323238331737,B1+B4
2017-11-09,7,72.1,73.72797933734923,B1+B4
2017-11-09,8,84.73,81.64866997169892,B1+B4
2017-11-09,9,61.99,75.54590782411059,B1+B4
2017-11-09,10,61.37,68.09645823354838,B1+B4
2017-11-09,11,60.69,67.13532015254503,B1+B4
2017-11-09,12,55.12,58.806247305709036,B1+B4
2017-11-09,13,53.99,55.04759376047602,B1+B4
2017-11-09,14,54.91,51.82266152285301,B1+B4
2017-11-09,15,55.0,56.496056800503816,B1+B4
2017-11-09,16,55.92,55.063147671345085,B1+B4
2017-11-09,17,56.94,65.88164472521225,B1+B4
2017-11-09,18,55.93,62.31278591545174,B1+B4
2017-11-09,19,55.0,54.89715948729612,B1+B4
2017-11-09,20,40.3,43.907207741345815,B1+B4
2017-11-09,21,42.81,37.621754400853874,B1+B4
2017-11-09,22,36.78,35.145886704535606,B1+B4
2017-11-09,23,33.61,28.148068689615453,B1+B4
2017-11-10,0,26.41,29.802061559958474,B1+B4
2017-11-10,1,25.35,28.205234904067673,B1+B4
2017-11-10,2,26.6,25.436734676131785,B1+B4
2017-11-10,3,27.31,26.419601747554164,B1+B4
2017-11-10,4,27.1,27.028054645114597,B1+B4
2017-11-10,5,28.92,29.60580428012109,B1+B4
2017-11-10,6,40.15,38.733507899205904,B1+B4
2017-11-10,7,51.2,46.81569705638498,B1+B4
2017-11-10,8,47.41,45.006105888706614,B1+B4
2017-11-10,9,38.61,40.42728113149888,B1+B4
2017-11-10,10,38.89,38.319288782150856,B1+B4
2017-11-10,11,38.79,35.808555491137845,B1+B4
2017-11-10,12,35.25,32.90132879393709,B1+B4
2017-11-10,13,31.16,30.9786266791468,B1+B4
2017-11-10,14,30.16,30.835800265286615,B1+B4
2017-11-10,15,30.12,30.834125446028064,B1+B4
2017-11-10,16,31.02,33.24286327976169,B1+B4
2017-11-10,17,36.19,37.95014596687717,B1+B4
2017-11-10,18,36.02,37.868698013507206,B1+B4
2017-11-10,19,31.08,38.835399569911125,B1+B4
2017-11-10,20,29.39,32.65019853187241,B1+B4
2017-11-10,21,22.26,28.906510495217244,B1+B4
2017-11-10,22,15.51,25.241935160249263,B1+B4
2017-11-10,23,11.46,23.84247227450221,B1+B4
2017-11-11,0,9.2,10.81888739420518,B1+B4
2017-11-11,1,2.03,7.510932173945083,B1+B4
2017-11-11,2,0.08,2.54045764463881,B1+B4
2017-11-11,3,6.47,8.059994427918163,B1+B4
2017-11-11,4,11.27,11.688374425143845,B1+B4
2017-11-11,5,12.59,15.777388716364463,B1+B4
2017-11-11,6,9.63,16.773083483992703,B1+B4
2017-11-11,7,13.55,23.624916564468293,B1+B4
2017-11-11,8,20.1,26.784193811151297,B1+B4
2017-11-11,9,24.66,28.914787243929897,B1+B4
2017-11-11,10,21.47,26.765116917117336,B1+B4
2017-11-11,11,18.9,27.976419761824577,B1+B4
2017-11-11,12,21.03,28.789058025634404,B1+B4
2017-11-11,13,22.86,27.977127253919726,B1+B4
2017-11-11,14,28.2,27.861296856341212,B1+B4
2017-11-11,15,30.48,30.74470452263885,B1+B4
2017-11-11,16,35.81,33.84848860123494,B1+B4
2017-11-11,17,44.49,41.15759255608434,B1+B4
2017-11-11,18,46.76,44.407327921274785,B1+B4
2017-11-11,19,41.03,41.61167353375487,B1+B4
2017-11-11,20,35.92,37.88729248667935,B1+B4
2017-11-11,21,35.82,33.632662295402696,B1+B4
2017-11-11,22,37.06,33.4995399028106,B1+B4
2017-11-11,23,28.29,27.288000583973176,B1+B4
2017-11-12,0,14.07,24.602716063628936,B1+B4
2017-11-12,1,15.99,22.842590380396857,B1+B4
2017-11-12,2,13.8,22.538214752716822,B1+B4
2017-11-12,3,13.53,21.335970093283862,B1+B4
2017-11-12,4,15.25,21.63451351280032,B1+B4
2017-11-12,5,21.86,21.7427434642033,B1+B4
2017-11-12,6,22.52,22.68066940793885,B1+B4
2017-11-12,7,27.06,29.15631942647932,B1+B4
2017-11-12,8,30.94,33.658475388792816,B1+B4
2017-11-12,9,33.03,35.01773316802694,B1+B4
2017-11-12,10,42.79,37.278052712444186,B1+B4
2017-11-12,11,47.65,39.11291800880303,B1+B4
2017-11-12,12,48.13,38.418718890134706,B1+B4
2017-11-12,13,44.28,34.67509905760457,B1+B4
2017-11-12,14,38.43,33.33404518064251,B1+B4
2017-11-12,15,37.8,34.58817865572395,B1+B4
2017-11-12,16,40.82,36.19682436779213,B1+B4
2017-11-12,17,53.91,41.18105803446726,B1+B4
2017-11-12,18,53.94,43.081376422237554,B1+B4
2017-11-12,19,46.54,42.05305220976454,B1+B4
2017-11-12,20,39.59,37.80427957858335,B1+B4
2017-11-12,21,33.11,34.59091751156901,B1+B4
2017-11-12,22,33.17,32.53249931200545,B1+B4
2017-11-12,23,29.73,28.203942922383355,B1+B4
2017-11-13,0,31.06,29.621069439322234,B1+B4
2017-11-13,1,30.41,27.505606332512194,B1+B4
2017-11-13,2,29.64,27.564691700811533,B1+B4
2017-11-13,3,29.66,25.841609957904584,B1+B4
2017-11-13,4,29.79,27.40204649026727,B1+B4
2017-11-13,5,31.68,31.59434865980897,B1+B4
2017-11-13,6,42.76,42.38571382413977,B1+B4
2017-11-13,7,54.9,55.1979233004177,B1+B4
2017-11-13,8,54.33,57.5330110470788,B1+B4
2017-11-13,9,48.15,52.62102643747447,B1+B4
2017-11-13,10,45.83,50.683104944554174,B1+B4
2017-11-13,11,46.61,52.28088583261287,B1+B4
2017-11-13,12,41.48,49.36272572896523,B1+B4
2017-11-13,13,48.08,51.41817717266737,B1+B4
2017-11-13,14,50.81,55.454473976843445,B1+B4
2017-11-13,15,54.93,61.20779175033874,B1+B4
2017-11-13,16,55.92,64.16327862921456,B1+B4
2017-11-13,17,70.08,75.60139225662482,B1+B4
2017-11-13,18,62.3,69.52361936302665,B1+B4
2017-11-13,19,57.73,63.48740268513607,B1+B4
2017-11-13,20,54.94,50.470519923648524,B1+B4
2017-11-13,21,49.0,44.488967805487405,B1+B4
2017-11-13,22,41.0,40.993069579569,B1+B4
2017-11-13,23,36.55,37.44229308401386,B1+B4
2017-11-14,0,37.83,36.87836177331367,B1+B4
2017-11-14,1,36.01,35.726244681765024,B1+B4
2017-11-14,2,34.03,34.9554077752725,B1+B4
2017-11-14,3,33.54,32.16756169622172,B1+B4
2017-11-14,4,33.9,31.782912746146287,B1+B4
2017-11-14,5,34.04,34.38821549849615,B1+B4
2017-11-14,6,38.12,43.64946067859033,B1+B4
2017-11-14,7,43.52,51.81027284729625,B1+B4
2017-11-14,8,49.58,51.04958564462704,B1+B4
2017-11-14,9,37.2,44.1256334641318,B1+B4
2017-11-14,10,36.56,40.00937828529929,B1+B4
2017-11-14,11,36.19,39.52560530822783,B1+B4
2017-11-14,12,36.88,36.415639336257385,B1+B4
2017-11-14,13,36.6,37.54605814968044,B1+B4
2017-11-14,14,36.86,39.34149156235265,B1+B4
2017-11-14,15,40.07,43.71660998361207,B1+B4
2017-11-14,16,49.06,45.88045196306903,B1+B4
2017-11-14,17,51.71,56.415689613162044,B1+B4
2017-11-14,18,52.94,55.84529096609146,B1+B4
2017-11-14,19,51.25,51.0205928257063,B1+B4
2017-11-14,20,44.92,44.803509581455174,B1+B4
2017-11-14,21,39.44,39.18722943566935,B1+B4
2017-11-14,22,37.6,37.823835579528044,B1+B4
2017-11-14,23,36.36,32.585047863980115,B1+B4
2017-11-15,0,33.5,36.66900826754012,B1+B4
2017-11-15,1,34.06,35.88201037255696,B1+B4
2017-11-15,2,33.42,36.50623416562663,B1+B4
2017-11-15,3,35.62,36.294197160397665,B1+B4
2017-11-15,4,33.74,37.60933181105524,B1+B4
2017-11-15,5,37.0,41.306103923352524,B1+B4
2017-11-15,6,58.5,49.90728925163204,B1+B4
2017-11-15,7,77.4,66.71088564496588,B1+B4
2017-11-15,8,78.01,66.39412956577357,B1+B4
2017-11-15,9,68.87,59.71968745525328,B1+B4
2017-11-15,10,61.65,57.457506526279786,B1+B4
2017-11-15,11,71.76,58.59816530134353,B1+B4
2017-11-15,12,64.1,53.23838477532584,B1+B4
2017-11-15,13,70.77,55.439079820445556,B1+B4
2017-11-15,14,72.81,58.68807185376998,B1+B4
2017-11-15,15,79.18,62.36645644216996,B1+B4
2017-11-15,16,89.95,77.2261489698755,B1+B4
2017-11-15,17,112.09,85.96862075756468,B1+B4
2017-11-15,18,124.29,80.07480262883517,B1+B4
2017-11-15,19,86.34,69.66118250537583,B1+B4
2017-11-15,20,76.13,54.71968455493614,B1+B4
2017-11-15,21,62.01,47.136584489068596,B1+B4
2017-11-15,22,51.91,43.830676282708026,B1+B4
2017-11-15,23,39.03,38.2819500100744,B1+B4
2017-11-16,0,37.04,40.93073658953786,B1+B4
2017-11-16,1,37.06,40.255075627672255,B1+B4
2017-11-16,2,36.13,37.26980819956755,B1+B4
2017-11-16,3,36.59,37.87557324960525,B1+B4
2017-11-16,4,37.04,39.80220929436918,B1+B4
2017-11-16,5,36.87,40.79938190661461,B1+B4
2017-11-16,6,51.61,48.858565612823256,B1+B4
2017-11-16,7,61.89,59.31909124916082,B1+B4
2017-11-16,8,68.63,65.3046283515441,B1+B4
2017-11-16,9,57.02,59.084385280702364,B1+B4
2017-11-16,10,55.93,52.39771106487577,B1+B4
2017-11-16,11,53.96,50.4931262708919,B1+B4
2017-11-16,12,49.01,49.19732241642031,B1+B4
2017-11-16,13,49.31,49.11211598955345,B1+B4
2017-11-16,14,54.0,50.36504235643811,B1+B4
2017-11-16,15,57.94,56.45018397966992,B1+B4
2017-11-16,16,56.16,59.656477100708706,B1+B4
2017-11-16,17,56.42,68.45170842435189,B1+B4
2017-11-16,18,53.93,60.918205945419686,B1+B4
2017-11-16,19,46.3,55.87590739549798,B1+B4
2017-11-16,20,37.03,47.28998155765904,B1+B4
2017-11-16,21,38.03,42.763844555559075,B1+B4
2017-11-16,22,38.15,40.09279038047047,B1+B4
2017-11-16,23,35.07,35.911357660353005,B1+B4
2017-11-17,0,33.15,30.645877966281816,B1+B4
2017-11-17,1,32.72,30.451547917273892,B1+B4
2017-11-17,2,33.16,28.135098047665206,B1+B4
2017-11-17,3,34.06,30.475988502540897,B1+B4
2017-11-17,4,34.05,33.00391946505072,B1+B4
2017-11-17,5,36.09,34.40415683103317,B1+B4
2017-11-17,6,46.83,43.61356608540904,B1+B4
2017-11-17,7,49.99,58.23869933504271,B1+B4
2017-11-17,8,53.93,60.24364745366354,B1+B4
2017-11-17,9,49.99,56.69703115312355,B1+B4
2017-11-17,10,49.97,55.4230233373808,B1+B4
2017-11-17,11,49.97,54.33848144091513,B1+B4
2017-11-17,12,49.09,48.704569968267315,B1+B4
2017-11-17,13,46.55,51.63725558050843,B1+B4
2017-11-17,14,42.3,48.359811956853974,B1+B4
2017-11-17,15,49.95,50.04476733380329,B1+B4
2017-11-17,16,49.9,56.74810559993696,B1+B4
2017-11-17,17,49.91,60.539234554727024,B1+B4
2017-11-17,18,48.18,54.576681906759795,B1+B4
2017-11-17,19,42.97,47.702187064878224,B1+B4
2017-11-17,20,38.35,42.04741087697811,B1+B4
2017-11-17,21,39.8,36.68365260245481,B1+B4
2017-11-17,22,36.15,34.0487873106446,B1+B4
2017-11-17,23,32.41,29.68108793291129,B1+B4
2017-11-18,0,27.78,29.270966519035277,B1+B4
2017-11-18,1,23.56,27.03821769464799,B1+B4
2017-11-18,2,20.04,23.729495398814382,B1+B4
2017-11-18,3,17.63,24.150570808078427,B1+B4
2017-11-18,4,13.33,24.10341626259946,B1+B4
2017-11-18,5,12.87,24.420078494065525,B1+B4
2017-11-18,6,16.12,25.143479508069568,B1+B4
2017-11-18,7,19.38,28.69285306090902,B1+B4
2017-11-18,8,27.97,30.591790078039004,B1+B4
2017-11-18,9,28.61,29.37041573930061,B1+B4
2017-11-18,10,28.08,27.308391139460394,B1+B4
2017-11-18,11,14.97,23.571581587954725,B1+B4
2017-11-18,12,18.19,23.343239841458747,B1+B4
2017-11-18,13,13.01,21.773412237860704,B1+B4
2017-11-18,14,18.46,23.467162332614834,B1+B4
2017-11-18,15,24.84,26.07131831344204,B1+B4
2017-11-18,16,28.33,29.80085979409989,B1+B4
2017-11-18,17,29.77,35.20113068884202,B1+B4
2017-11-18,18,29.7,34.19175489065581,B1+B4
2017-11-18,19,24.03,33.533439041272786,B1+B4
2017-11-18,20,13.06,29.790881316068422,B1+B4
2017-11-18,21,12.69,26.086663561866402,B1+B4
2017-11-18,22,11.38,21.854411554362194,B1+B4
2017-11-18,23,0.41,17.226438683567228,B1+B4
2017-11-19,0,0.37,2.9251767965462427,B1+B4
2017-11-19,1,4.33,-1.5947021320295462,B1+B4
2017-11-19,2,2.91,-9.642460012566211,B1+B4
2017-11-19,3,2.17,-6.404604644506435,B1+B4
2017-11-19,4,2.14,-6.211872701585413,B1+B4
2017-11-19,5,0.03,-0.2698487860444878,B1+B4
2017-11-19,6,-0.03,-4.5889001718410505,B1+B4
2017-11-19,7,0.04,2.076839839730198,B1+B4
2017-11-19,8,5.08,0.547277638309204,B1+B4
2017-11-19,9,23.49,4.592277348544563,B1+B4
2017-11-19,10,12.77,9.859169883929564,B1+B4
2017-11-19,11,21.94,11.522409224369866,B1+B4
2017-11-19,12,12.5,9.747037483916486,B1+B4
2017-11-19,13,9.09,6.778811718848726,B1+B4
2017-11-19,14,5.09,10.905342524609008,B1+B4
2017-11-19,15,9.63,15.880634661759506,B1+B4
2017-11-19,16,5.99,22.596433909001746,B1+B4
2017-11-19,17,23.14,30.657831824960425,B1+B4
2017-11-19,18,21.94,34.24198086508397,B1+B4
2017-11-19,19,13.3,30.6364497569063,B1+B4
2017-11-19,20,12.62,25.789269803360696,B1+B4
2017-11-19,21,11.38,25.84472991580453,B1+B4
2017-11-19,22,13.95,24.503858779582416,B1+B4
2017-11-19,23,12.21,20.9531073451506,B1+B4
2017-11-20,0,12.59,15.220591064001633,B1+B4
2017-11-20,1,12.51,14.175939261090969,B1+B4
2017-11-20,2,10.49,12.182181971299498,B1+B4
2017-11-20,3,11.0,13.968016362868353,B1+B4
2017-11-20,4,14.96,17.578991366704365,B1+B4
2017-11-20,5,23.81,23.586788950479484,B1+B4
2017-11-20,6,39.94,32.159269641289306,B1+B4
2017-11-20,7,41.99,42.54199756431366,B1+B4
2017-11-20,8,43.92,42.994164990753774,B1+B4
2017-11-20,9,43.91,42.210373060205036,B1+B4
2017-11-20,10,43.68,41.958996770139954,B1+B4
2017-11-20,11,43.94,40.19371434882119,B1+B4
2017-11-20,12,44.36,40.686278644294,B1+B4
2017-11-20,13,49.05,40.69940467644262,B1+B4
2017-11-20,14,53.46,42.47356712398267,B1+B4
2017-11-20,15,50.99,46.31380996431527,B1+B4
2017-11-20,16,59.3,47.10923854634402,B1+B4
2017-11-20,17,66.02,51.598613660038524,B1+B4
2017-11-20,18,53.38,49.72515440038105,B1+B4
2017-11-20,19,47.93,46.508364631130235,B1+B4
2017-11-20,20,43.95,41.75436611582093,B1+B4
2017-11-20,21,38.63,36.53086159888203,B1+B4
2017-11-20,22,38.76,33.578183496227936,B1+B4
2017-11-20,23,34.97,29.372034994547604,B1+B4
2017-11-21,0,36.03,32.909735348846866,B1+B4
2017-11-21,1,35.46,32.817446464739604,B1+B4
2017-11-21,2,35.63,30.407503759023097,B1+B4
2017-11-21,3,35.73,33.440441174684004,B1+B4
2017-11-21,4,35.42,35.259362646187995,B1+B4
2017-11-21,5,37.92,36.07907161583814,B1+B4
2017-11-21,6,46.51,42.49064445620855,B1+B4
2017-11-21,7,67.86,47.657692163449155,B1+B4
2017-11-21,8,72.63,50.26494746760012,B1+B4
2017-11-21,9,54.99,51.234223636928284,B1+B4
2017-11-21,10,54.26,57.47938808679366,B1+B4
2017-11-21,11,64.03,53.94168916709508,B1+B4
2017-11-21,12,55.27,53.19912007767345,B1+B4
2017-11-21,13,64.91,56.57522385055269,B1+B4
2017-11-21,14,62.65,49.85619563417619,B1+B4
2017-11-21,15,62.65,50.41272560671209,B1+B4
2017-11-21,16,62.65,53.6525697705313,B1+B4
2017-11-21,17,68.05,55.426097794175156,B1+B4
2017-11-21,18,57.46,50.566052014479865,B1+B4
2017-11-21,19,43.99,45.14174629751377,B1+B4
2017-11-21,20,35.42,39.812579554059276,B1+B4
2017-11-21,21,32.64,33.95403243502287,B1+B4
2017-11-21,22,31.31,31.207066849046036,B1+B4
2017-11-21,23,29.69,26.79840719296688,B1+B4
2017-11-22,0,27.15,26.436718060437723,B1+B4
2017-11-22,1,15.7,24.688025960893224,B1+B4
2017-11-22,2,10.7,23.179337206279616,B1+B4
2017-11-22,3,10.96,22.347522545882665,B1+B4
2017-11-22,4,10.75,23.26344151873634,B1+B4
2017-11-22,5,20.24,26.14258272030615,B1+B4
2017-11-22,6,29.92,34.3812606098626,B1+B4
2017-11-22,7,37.37,41.88139139518411,B1+B4
2017-11-22,8,35.72,41.99286982970801,B1+B4
2017-11-22,9,32.49,37.35748543326799,B1+B4
2017-11-22,10,31.98,35.4106848050491,B1+B4
2017-11-22,11,31.8,34.038128935459554,B1+B4
2017-11-22,12,31.03,33.669420612442174,B1+B4
2017-11-22,13,31.3,34.154037733356134,B1+B4
2017-11-22,14,32.56,36.49465838433469,B1+B4
2017-11-22,15,41.43,39.61321693020575,B1+B4
2017-11-22,16,50.06,43.536493990471456,B1+B4
2017-11-22,17,61.26,52.85820244483732,B1+B4
2017-11-22,18,50.93,47.20179142429653,B1+B4
2017-11-22,19,43.97,42.38751175433585,B1+B4
2017-11-22,20,39.99,36.93383853910207,B1+B4
2017-11-22,21,33.7,32.68695855865297,B1+B4
2017-11-22,22,29.56,21.561740280053407,B1+B4
2017-11-22,23,20.6,20.828880510146128,B1+B4
2017-11-23,0,9.67,20.234237207662304,B1+B4
2017-11-23,1,12.76,18.398667560130107,B1+B4
2017-11-23,2,9.64,16.523416070361304,B1+B4
2017-11-23,3,9.47,15.457457746316624,B1+B4
2017-11-23,4,9.46,16.00259139474573,B1+B4
2017-11-23,5,12.77,20.17620334310199,B1+B4
2017-11-23,6,17.1,29.0011240331163,B1+B4
2017-11-23,7,32.93,37.26736172242762,B1+B4
2017-11-23,8,31.09,37.771851784024705,B1+B4
2017-11-23,9,29.96,33.53890528257253,B1+B4
2017-11-23,10,24.03,29.560093350783426,B1+B4
2017-11-23,11,16.24,28.12939494887748,B1+B4
2017-11-23,12,12.75,26.58109457972143,B1+B4
2017-11-23,13,16.63,26.843744232314112,B1+B4
2017-11-23,14,26.23,27.520729710493185,B1+B4
2017-11-23,15,30.76,31.513710949365304,B1+B4
2017-11-23,16,31.95,35.90163894148457,B1+B4
2017-11-23,17,37.97,43.62341747446105,B1+B4
2017-11-23,18,37.57,42.920856519667225,B1+B4
2017-11-23,19,36.98,41.276493686317245,B1+B4
2017-11-23,20,33.94,35.198685675067686,B1+B4
2017-11-23,21,29.34,32.10792083935166,B1+B4
2017-11-23,22,27.41,28.95450360344718,B1+B4
2017-11-23,23,24.05,26.70070601216731,B1+B4
2017-11-24,0,26.93,24.13229924535216,B1+B4
2017-11-24,1,27.75,22.789201302607303,B1+B4
2017-11-24,2,28.04,22.249125475820446,B1+B4
2017-11-24,3,27.1,22.289814946323467,B1+B4
2017-11-24,4,28.22,23.67646612987777,B1+B4
2017-11-24,5,35.66,27.4909816329443,B1+B4
2017-11-24,6,49.01,36.93580484612902,B1+B4
2017-11-24,7,49.07,43.42520761703429,B1+B4
2017-11-24,8,48.0,45.30756687870241,B1+B4
2017-11-24,9,46.92,45.69809939446005,B1+B4
2017-11-24,10,45.43,45.57073819965997,B1+B4
2017-11-24,11,46.5,47.83667472301671,B1+B4
2017-11-24,12,39.57,42.46993307453861,B1+B4
2017-11-24,13,41.13,43.67937340912271,B1+B4
2017-11-24,14,43.13,43.29852632258302,B1+B4
2017-11-24,15,44.91,48.44512694213459,B1+B4
2017-11-24,16,46.94,50.335220006341856,B1+B4
2017-11-24,17,53.97,61.42071378342454,B1+B4
2017-11-24,18,56.24,56.08551964389356,B1+B4
2017-11-24,19,55.97,51.380321992388176,B1+B4
2017-11-24,20,48.0,45.57744073959356,B1+B4
2017-11-24,21,47.98,43.62876847067,B1+B4
2017-11-24,22,47.98,44.835339469711975,B1+B4
2017-11-24,23,40.99,39.842845677308546,B1+B4
2017-11-25,0,39.89,39.31482882576335,B1+B4
2017-11-25,1,36.19,38.17408606545172,B1+B4
2017-11-25,2,34.49,40.695593139663316,B1+B4
2017-11-25,3,36.2,38.87333592849993,B1+B4
2017-11-25,4,38.0,37.57020697403287,B1+B4
2017-11-25,5,35.86,36.324870280851016,B1+B4
2017-11-25,6,35.03,37.013687557807835,B1+B4
2017-11-25,7,42.37,39.630136161450444,B1+B4
2017-11-25,8,49.95,45.108232579218445,B1+B4
2017-11-25,9,49.94,46.675291871515284,B1+B4
2017-11-25,10,51.97,47.9130241948304,B1+B4
2017-11-25,11,53.51,47.25875605024213,B1+B4
2017-11-25,12,49.96,44.86314473699432,B1+B4
2017-11-25,13,46.98,40.468659902474776,B1+B4
2017-11-25,14,38.98,38.90061217514352,B1+B4
2017-11-25,15,35.29,39.88695043152473,B1+B4
2017-11-25,16,39.56,42.06691882000312,B1+B4
2017-11-25,17,44.26,47.20955104513288,B1+B4
2017-11-25,18,38.41,47.293371764479446,B1+B4
2017-11-25,19,37.93,43.52626988091019,B1+B4
2017-11-25,20,36.12,38.08182668249871,B1+B4
2017-11-25,21,32.12,33.38799162785678,B1+B4
2017-11-25,22,30.09,34.00163408911771,B1+B4
2017-11-25,23,27.58,27.538344204756083,B1+B4
2017-11-26,0,19.21,23.19870447758441,B1+B4
2017-11-26,1,12.59,19.792494443885197,B1+B4
2017-11-26,2,11.56,16.381668011670328,B1+B4
2017-11-26,3,11.45,13.49227847617675,B1+B4
2017-11-26,4,15.74,15.277672419525887,B1+B4
2017-11-26,5,12.85,16.626507532830892,B1+B4
2017-11-26,6,11.41,13.863942672893128,B1+B4
2017-11-26,7,9.77,15.286765691572583,B1+B4
2017-11-26,8,19.36,17.42209926823548,B1+B4
2017-11-26,9,11.58,20.68868296762458,B1+B4
2017-11-26,10,19.95,17.012973671183136,B1+B4
2017-11-26,11,21.6,19.61214496761074,B1+B4
2017-11-26,12,11.48,16.13261028783695,B1+B4
2017-11-26,13,11.49,15.398574167444663,B1+B4
2017-11-26,14,15.75,16.592826365790152,B1+B4
2017-11-26,15,15.55,21.071312151648524,B1+B4
2017-11-26,16,23.6,25.6950741241187,B1+B4
2017-11-26,17,29.17,32.48147508974314,B1+B4
2017-11-26,18,29.43,32.51960643100893,B1+B4
2017-11-26,19,29.51,29.73122306610026,B1+B4
2017-11-26,20,29.07,28.055740132960526,B1+B4
2017-11-26,21,29.01,26.258044123254404,B1+B4
2017-11-26,22,28.37,20.58307341834847,B1+B4
2017-11-26,23,21.94,14.173531043149335,B1+B4
2017-11-27,0,11.47,18.621057057376653,B1+B4
2017-11-27,1,14.95,17.495023176481183,B1+B4
2017-11-27,2,17.06,15.736320616991705,B1+B4
2017-11-27,3,13.06,13.33497866706747,B1+B4
2017-11-27,4,10.02,15.61687178436971,B1+B4
2017-11-27,5,20.96,20.24950697496591,B1+B4
2017-11-27,6,40.1,32.55758248486695,B1+B4
2017-11-27,7,36.12,42.75555252569919,B1+B4
2017-11-27,8,40.06,44.78397605926286,B1+B4
2017-11-27,9,36.04,40.93931463737151,B1+B4
2017-11-27,10,34.06,37.021401876163225,B1+B4
2017-11-27,11,34.73,36.025490278514305,B1+B4
2017-11-27,12,31.1,31.983716212156676,B1+B4
2017-11-27,13,32.38,31.41760091644195,B1+B4
2017-11-27,14,33.33,31.921047336994473,B1+B4
2017-11-27,15,34.82,33.489921021165934,B1+B4
2017-11-27,16,35.7,36.626470951133086,B1+B4
2017-11-27,17,40.32,41.923756187020686,B1+B4
2017-11-27,18,36.7,39.55140024297061,B1+B4
2017-11-27,19,35.26,38.82403958998832,B1+B4
2017-11-27,20,35.95,35.60258819788695,B1+B4
2017-11-27,21,30.93,31.05312681212987,B1+B4
2017-11-27,22,30.0,28.523260433702326,B1+B4
2017-11-27,23,15.87,22.262727736820132,B1+B4
2017-11-28,0,22.5,17.487310764796558,B1+B4
2017-11-28,1,16.07,15.810920751637486,B1+B4
2017-11-28,2,15.46,12.393950526292594,B1+B4
2017-11-28,3,16.29,13.29985809921586,B1+B4
2017-11-28,4,22.04,17.692109971791194,B1+B4
2017-11-28,5,24.7,22.43792213582881,B1+B4
2017-11-28,6,34.01,30.74042479872314,B1+B4
2017-11-28,7,40.13,37.09455402179192,B1+B4
2017-11-28,8,37.78,37.40672848423153,B1+B4
2017-11-28,9,36.39,36.066158705952624,B1+B4
2017-11-28,10,35.84,35.05385835169685,B1+B4
2017-11-28,11,36.05,32.52120457177003,B1+B4
2017-11-28,12,39.91,32.22592140820558,B1+B4
2017-11-28,13,45.07,35.192820739407736,B1+B4
2017-11-28,14,48.59,39.89351200089152,B1+B4
2017-11-28,15,52.94,46.333992794691554,B1+B4
2017-11-28,16,51.97,53.471496456222724,B1+B4
2017-11-28,17,59.7,60.63105361692095,B1+B4
2017-11-28,18,52.98,57.95907988523599,B1+B4
2017-11-28,19,51.32,53.148536885792474,B1+B4
2017-11-28,20,49.99,46.34607715435362,B1+B4
2017-11-28,21,36.59,42.168700622976765,B1+B4
2017-11-28,22,36.64,38.94790700446489,B1+B4
2017-11-28,23,35.01,35.96018404659673,B1+B4
2017-11-29,0,36.56,33.98053285034683,B1+B4
2017-11-29,1,36.79,34.900586674856925,B1+B4
2017-11-29,2,35.56,37.37553189954468,B1+B4
2017-11-29,3,35.06,39.19476394740211,B1+B4
2017-11-29,4,36.17,37.32451840217666,B1+B4
2017-11-29,5,38.97,40.23339076150398,B1+B4
2017-11-29,6,57.72,48.19659719256969,B1+B4
2017-11-29,7,84.97,58.91168646730108,B1+B4
2017-11-29,8,88.52,62.00027508830209,B1+B4
2017-11-29,9,90.1,59.635690355778195,B1+B4
2017-11-29,10,88.33,61.72219891033944,B1+B4
2017-11-29,11,86.0,62.974648166451416,B1+B4
2017-11-29,12,82.18,69.4287466501149,B1+B4
2017-11-29,13,82.4,75.26983150463987,B1+B4
2017-11-29,14,89.21,74.92586427497153,B1+B4
2017-11-29,15,90.4,79.43500861265146,B1+B4
2017-11-29,16,97.8,82.4698813239236,B1+B4
2017-11-29,17,118.49,91.1738465237088,B1+B4
2017-11-29,18,110.36,71.76001784264105,B1+B4
2017-11-29,19,85.56,64.96748809795133,B1+B4
2017-11-29,20,77.34,57.31114285053913,B1+B4
2017-11-29,21,64.27,46.391894072329166,B1+B4
2017-11-29,22,55.57,43.702287518591085,B1+B4
2017-11-29,23,47.71,40.41458706042629,B1+B4
2017-11-30,0,45.94,48.64782937029899,B1+B4
2017-11-30,1,38.2,50.54735934827252,B1+B4
2017-11-30,2,36.97,41.38438771588327,B1+B4
2017-11-30,3,36.1,44.28011221472432,B1+B4
2017-11-30,4,38.47,42.922381547198995,B1+B4
2017-11-30,5,42.72,41.909736774035075,B1+B4
2017-11-30,6,53.99,49.67637953077056,B1+B4
2017-11-30,7,83.75,64.71827624835535,B1+B4
2017-11-30,8,88.16,71.26501392010029,B1+B4
2017-11-30,9,85.25,70.99625287698896,B1+B4
2017-11-30,10,86.79,67.27146214074416,B1+B4
2017-11-30,11,86.7,70.02074389068557,B1+B4
2017-11-30,12,84.07,63.901446242186296,B1+B4
2017-11-30,13,83.34,64.99144164336842,B1+B4
2017-11-30,14,82.81,66.86968797072045,B1+B4
2017-11-30,15,84.22,70.21004756250397,B1+B4
2017-11-30,16,86.06,80.44569754893907,B1+B4
2017-11-30,17,100.12,86.93481428254356,B1+B4
2017-11-30,18,95.1,70.10560311392194,B1+B4
2017-11-30,19,87.24,62.17702540234592,B1+B4
2017-11-30,20,68.5,54.178715552601815,B1+B4
2017-11-30,21,51.96,47.45579875816523,B1+B4
2017-11-30,22,38.45,43.462923649571096,B1+B4
2017-11-30,23,36.67,38.897160948983185,B1+B4
2017-12-01,0,35.82,40.2129480794077,B1+B4
2017-12-01,1,38.59,40.448369484636395,B1+B4
2017-12-01,2,37.18,40.03557006658336,B1+B4
2017-12-01,3,37.0,37.683084755759694,B1+B4
2017-12-01,4,37.42,38.97051028066256,B1+B4
2017-12-01,5,36.14,43.62743487874111,B1+B4
2017-12-01,6,55.97,57.054824974717185,B1+B4
2017-12-01,7,81.69,75.12689156651577,B1+B4
2017-12-01,8,75.01,75.26428667459058,B1+B4
2017-12-01,9,72.89,75.57837502446006,B1+B4
2017-12-01,10,70.38,71.94198527725638,B1+B4
2017-12-01,11,74.87,69.3092540022934,B1+B4
2017-12-01,12,74.91,64.63780892111808,B1+B4
2017-12-01,13,73.18,65.6670659202407,B1+B4
2017-12-01,14,72.5,71.72995228344196,B1+B4
2017-12-01,15,74.42,79.15286570332437,B1+B4
2017-12-01,16,76.6,80.47104336609632,B1+B4
2017-12-01,17,85.69,86.59211780311875,B1+B4
2017-12-01,18,82.57,79.79961694550134,B1+B4
2017-12-01,19,77.38,72.91546294154509,B1+B4
2017-12-01,20,61.95,59.45805670775543,B1+B4
2017-12-01,21,52.93,51.176457435088935,B1+B4
2017-12-01,22,41.58,45.234798797579444,B1+B4
2017-12-01,23,37.94,40.01966291689227,B1+B4
2017-12-02,0,39.9,39.696151995966545,B1+B4
2017-12-02,1,39.02,38.748757140623866,B1+B4
2017-12-02,2,37.89,39.129320791506444,B1+B4
2017-12-02,3,37.82,39.97808132598282,B1+B4
2017-12-02,4,34.7,39.501349270637505,B1+B4
2017-12-02,5,36.75,36.62855549967991,B1+B4
2017-12-02,6,34.07,39.8632893288825,B1+B4
2017-12-02,7,37.01,48.1123305746413,B1+B4
2017-12-02,8,46.17,53.03393463554666,B1+B4
2017-12-02,9,46.1,56.42098579545399,B1+B4
2017-12-02,10,42.33,52.98527183818829,B1+B4
2017-12-02,11,44.02,50.16639104493912,B1+B4
2017-12-02,12,40.0,48.259579699183476,B1+B4
2017-12-02,13,37.28,43.29412068366818,B1+B4
2017-12-02,14,38.21,44.72144436779273,B1+B4
2017-12-02,15,46.13,48.93779977537025,B1+B4
2017-12-02,16,47.96,50.922046750503355,B1+B4
2017-12-02,17,47.95,58.11003391559622,B1+B4
2017-12-02,18,42.99,55.63375422652125,B1+B4
2017-12-02,19,39.37,48.95080526104713,B1+B4
2017-12-02,20,36.79,42.370770255042224,B1+B4
2017-12-02,21,38.52,37.29041515657786,B1+B4
2017-12-02,22,39.92,35.79880539699899,B1+B4
2017-12-02,23,35.68,32.13549319366715,B1+B4
2017-12-03,0,33.17,30.886841249440245,B1+B4
2017-12-03,1,31.93,29.14930282525413,B1+B4
2017-12-03,2,30.43,29.297745185920757,B1+B4
2017-12-03,3,28.3,28.867326611712002,B1+B4
2017-12-03,4,30.44,27.720125104915017,B1+B4
2017-12-03,5,29.87,28.55460838593226,B1+B4
2017-12-03,6,29.81,27.01823948946311,B1+B4
2017-12-03,7,27.72,29.00237458265217,B1+B4
2017-12-03,8,29.95,31.562815760549366,B1+B4
2017-12-03,9,33.08,32.67797256227568,B1+B4
2017-12-03,10,34.85,33.420223093723855,B1+B4
2017-12-03,11,36.91,35.83834119384327,B1+B4
2017-12-03,12,37.0,34.47186647890039,B1+B4
2017-12-03,13,32.92,32.042075377413546,B1+B4
2017-12-03,14,34.06,31.898040666839997,B1+B4
2017-12-03,15,34.29,32.190291757390156,B1+B4
2017-12-03,16,36.97,35.42175393843253,B1+B4
2017-12-03,17,39.36,40.058068411573025,B1+B4
2017-12-03,18,39.0,40.307597531371194,B1+B4
2017-12-03,19,37.06,39.94849009855999,B1+B4
2017-12-03,20,36.03,35.81379419292353,B1+B4
2017-12-03,21,33.95,33.6965447865285,B1+B4
2017-12-03,22,33.98,34.771702806347456,B1+B4
2017-12-03,23,28.25,27.75949663244965,B1+B4
2017-12-04,0,12.05,26.237407550787374,B1+B4
2017-12-04,1,17.69,24.726705560124586,B1+B4
2017-12-04,2,15.31,22.95386812745895,B1+B4
2017-12-04,3,12.75,21.382943680276714,B1+B4
2017-12-04,4,17.18,23.26122137610691,B1+B4
2017-12-04,5,25.05,27.488913609228753,B1+B4
2017-12-04,6,33.19,38.56072598116299,B1+B4
2017-12-04,7,38.56,47.34838628503476,B1+B4
2017-12-04,8,42.9,49.16808268010546,B1+B4
2017-12-04,9,38.29,47.55198855705814,B1+B4
2017-12-04,10,37.06,46.95954770979802,B1+B4
2017-12-04,11,38.94,47.62858289942111,B1+B4
2017-12-04,12,36.36,46.920531458428336,B1+B4
2017-12-04,13,39.45,46.159880453019404,B1+B4
2017-12-04,14,43.97,47.283761591692894,B1+B4
2017-12-04,15,46.14,55.23242584622881,B1+B4
2017-12-04,16,50.96,54.48680885965899,B1+B4
2017-12-04,17,51.04,60.01353622765748,B1+B4
2017-12-04,18,48.85,54.047548764090706,B1+B4
2017-12-04,19,45.6,48.802926190680544,B1+B4
2017-12-04,20,42.38,44.34392856324987,B1+B4
2017-12-04,21,39.83,38.793302609320335,B1+B4
2017-12-04,22,33.53,35.47377731935782,B1+B4
2017-12-04,23,30.03,29.759780101199553,B1+B4
2017-12-05,0,28.69,26.842905222707255,B1+B4
2017-12-05,1,28.01,24.9151843175671,B1+B4
2017-12-05,2,26.88,23.010741758740007,B1+B4
2017-12-05,3,27.93,23.034339724700022,B1+B4
2017-12-05,4,28.23,24.88252290808837,B1+B4
2017-12-05,5,30.73,26.926472705365374,B1+B4
2017-12-05,6,35.39,35.90986394564777,B1+B4
2017-12-05,7,39.69,43.94026513242309,B1+B4
2017-12-05,8,40.05,45.71479176053906,B1+B4
2017-12-05,9,40.36,43.94281629142868,B1+B4
2017-12-05,10,47.59,43.522822776477256,B1+B4
2017-12-05,11,46.78,43.70127212279026,B1+B4
2017-12-05,12,44.07,39.360336973629444,B1+B4
2017-12-05,13,42.45,39.22700274538235,B1+B4
2017-12-05,14,39.97,39.25573262016779,B1+B4
2017-12-05,15,39.05,40.49330446607093,B1+B4
2017-12-05,16,39.05,42.747332475377185,B1+B4
2017-12-05,17,43.96,46.56916897659133,B1+B4
2017-12-05,18,40.04,42.68693014882278,B1+B4
2017-12-05,19,46.04,38.96848556974471,B1+B4
2017-12-05,20,35.35,35.87876552488935,B1+B4
2017-12-05,21,30.03,30.904312073538584,B1+B4
2017-12-05,22,28.06,27.771974433410215,B1+B4
2017-12-05,23,13.45,23.354961012796082,B1+B4
2017-12-06,0,14.34,16.320182823584858,B1+B4
2017-12-06,1,12.34,13.99200697215704,B1+B4
2017-12-06,2,9.71,7.12604088520964,B1+B4
2017-12-06,3,12.7,13.373765628018761,B1+B4
2017-12-06,4,14.04,16.02204757010845,B1+B4
2017-12-06,5,13.27,21.785517824565755,B1+B4
2017-12-06,6,29.57,30.063679777697054,B1+B4
2017-12-06,7,38.24,40.49683188640023,B1+B4
2017-12-06,8,37.59,40.92174035054462,B1+B4
2017-12-06,9,39.13,39.51277288381305,B1+B4
2017-12-06,10,38.22,39.61231122608886,B1+B4
2017-12-06,11,34.6,38.27029467986905,B1+B4
2017-12-06,12,34.59,36.16116348546578,B1+B4
2017-12-06,13,36.48,36.625955458074976,B1+B4
2017-12-06,14,39.81,37.23952093969459,B1+B4
2017-12-06,15,39.0,39.60292521333224,B1+B4
2017-12-06,16,40.9,42.88465747253572,B1+B4
2017-12-06,17,45.69,47.45309242817301,B1+B4
2017-12-06,18,41.96,45.25968238981013,B1+B4
2017-12-06,19,39.95,43.01855084113888,B1+B4
2017-12-06,20,39.01,39.09563896754717,B1+B4
2017-12-06,21,38.98,33.96333560054863,B1+B4
2017-12-06,22,31.97,29.44181124025223,B1+B4
2017-12-06,23,27.95,25.232126038836505,B1+B4
2017-12-07,0,30.47,25.780956326205455,B1+B4
2017-12-07,1,29.43,24.910646214180932,B1+B4
2017-12-07,2,26.57,21.22599491496185,B1+B4
2017-12-07,3,27.36,22.653082321737266,B1+B4
2017-12-07,4,30.01,23.04775483572433,B1+B4
2017-12-07,5,32.07,25.05282472506073,B1+B4
2017-12-07,6,44.72,34.08857781753282,B1+B4
2017-12-07,7,51.98,42.704187376886516,B1+B4
2017-12-07,8,48.53,44.535400918575036,B1+B4
2017-12-07,9,43.85,40.37306376696461,B1+B4
2017-12-07,10,38.55,36.35397316573464,B1+B4
2017-12-07,11,33.1,33.84354672824695,B1+B4
2017-12-07,12,30.04,29.239885432988494,B1+B4
2017-12-07,13,31.06,30.84404294082789,B1+B4
2017-12-07,14,32.06,31.920481687893492,B1+B4
2017-12-07,15,37.23,34.54827760625055,B1+B4
2017-12-07,16,38.53,35.84088841086206,B1+B4
2017-12-07,17,39.73,39.858295984966404,B1+B4
2017-12-07,18,37.49,37.77474183264841,B1+B4
2017-12-07,19,32.07,38.11477307003405,B1+B4
2017-12-07,20,28.06,35.038058064170954,B1+B4
2017-12-07,21,27.5,30.762089478471935,B1+B4
2017-12-07,22,26.42,27.595348901624178,B1+B4
2017-12-07,23,22.61,21.94940242147597,B1+B4
2017-12-08,0,13.45,22.033072816246406,B1+B4
2017-12-08,1,12.2,20.982743988410203,B1+B4
2017-12-08,2,10.5,18.07915398437734,B1+B4
2017-12-08,3,18.93,21.432692248370984,B1+B4
2017-12-08,4,24.56,23.5624369821397,B1+B4
2017-12-08,5,23.05,27.243877121095974,B1+B4
2017-12-08,6,35.88,36.047885017672606,B1+B4
2017-12-08,7,37.7,44.17889766094129,B1+B4
2017-12-08,8,46.04,45.1428287972427,B1+B4
2017-12-08,9,43.93,44.39350362659138,B1+B4
2017-12-08,10,37.99,41.54090811263717,B1+B4
2017-12-08,11,41.51,39.89619972181852,B1+B4
2017-12-08,12,34.21,36.249221138741675,B1+B4
2017-12-08,13,32.1,34.930321818134765,B1+B4
2017-12-08,14,32.17,35.01092869590749,B1+B4
2017-12-08,15,37.98,36.885395998640185,B1+B4
2017-12-08,16,41.57,40.257434536736106,B1+B4
2017-12-08,17,40.73,45.139175711913865,B1+B4
2017-12-08,18,39.96,42.2235789405146,B1+B4
2017-12-08,19,38.57,40.42344795586988,B1+B4
2017-12-08,20,32.32,37.628254518797945,B1+B4
2017-12-08,21,28.0,35.051470438760695,B1+B4
2017-12-08,22,23.1,32.2316613283541,B1+B4
2017-12-08,23,9.29,24.490940591440324,B1+B4
2017-12-09,0,15.03,13.050234083798927,B1+B4
2017-12-09,1,12.51,8.942842782731116,B1+B4
2017-12-09,2,10.31,-3.2005236704762474,B1+B4
2017-12-09,3,9.26,8.004554290618485,B1+B4
2017-12-09,4,9.12,8.692698188366043,B1+B4
2017-12-09,5,8.92,13.683260131496692,B1+B4
2017-12-09,6,10.06,12.101416995017981,B1+B4
2017-12-09,7,12.15,18.63130825435034,B1+B4
2017-12-09,8,12.41,26.182074906351865,B1+B4
2017-12-09,9,18.07,28.613262606259333,B1+B4
2017-12-09,10,18.96,26.618269537476866,B1+B4
2017-12-09,11,16.25,25.594966919384895,B1+B4
2017-12-09,12,15.03,23.75918155906865,B1+B4
2017-12-09,13,12.39,22.356628917567985,B1+B4
2017-12-09,14,12.53,23.587578626093737,B1+B4
2017-12-09,15,19.41,25.788019411701992,B1+B4
2017-12-09,16,26.51,29.171051790163936,B1+B4
2017-12-09,17,31.67,34.592735750060605,B1+B4
2017-12-09,18,28.45,32.9280994422161,B1+B4
2017-12-09,19,24.56,26.82182360487545,B1+B4
2017-12-09,20,15.8,23.640073063339976,B1+B4
2017-12-09,21,13.01,22.88420824472492,B1+B4
2017-12-09,22,15.04,16.175530221438407,B1+B4
2017-12-09,23,10.16,17.659470776732157,B1+B4
2017-12-10,0,14.31,10.093005440890842,B1+B4
2017-12-10,1,10.92,6.6781378941477705,B1+B4
2017-12-10,2,10.17,-1.7948900212173946,B1+B4
2017-12-10,3,12.09,9.287333143171882,B1+B4
2017-12-10,4,15.06,12.947867492144207,B1+B4
2017-12-10,5,12.23,15.508949626425661,B1+B4
2017-12-10,6,12.28,14.788238887628104,B1+B4
2017-12-10,7,20.68,10.640784658536074,B1+B4
2017-12-10,8,27.85,19.97615823800333,B1+B4
2017-12-10,9,28.56,25.052556643028876,B1+B4
2017-12-10,10,29.15,29.33084388196844,B1+B4
2017-12-10,11,29.57,31.837335320342394,B1+B4
2017-12-10,12,29.26,31.377484891436442,B1+B4
2017-12-10,13,28.24,27.66125211070892,B1+B4
2017-12-10,14,25.07,25.726875624853886,B1+B4
2017-12-10,15,9.12,23.909588753379364,B1+B4
2017-12-10,16,9.19,27.189646272669396,B1+B4
2017-12-10,17,17.42,33.02786532466982,B1+B4
2017-12-10,18,15.02,29.955693743664856,B1+B4
2017-12-10,19,12.05,26.571069331108205,B1+B4
2017-12-10,20,12.27,26.71750277089204,B1+B4
2017-12-10,21,12.16,25.954557862167647,B1+B4
2017-12-10,22,14.81,24.56491801919679,B1+B4
2017-12-10,23,12.13,20.402187504769998,B1+B4
2017-12-11,0,15.03,15.708407837832315,B1+B4
2017-12-11,1,10.87,17.635558663699687,B1+B4
2017-12-11,2,12.59,18.255826534963685,B1+B4
2017-12-11,3,11.75,18.80779302842229,B1+B4
2017-12-11,4,12.78,21.3538370469876,B1+B4
2017-12-11,5,23.22,26.197379545128534,B1+B4
2017-12-11,6,47.95,38.27653369515669,B1+B4
2017-12-11,7,62.0,51.01217079086448,B1+B4
2017-12-11,8,63.01,52.244648918364675,B1+B4
2017-12-11,9,60.2,51.50496684288582,B1+B4
2017-12-11,10,62.93,53.87773917698786,B1+B4
2017-12-11,11,61.95,53.3332046404715,B1+B4
2017-12-11,12,64.98,48.89897930593956,B1+B4
2017-12-11,13,58.23,50.98631795456761,B1+B4
2017-12-11,14,53.84,49.842004510484784,B1+B4
2017-12-11,15,51.91,44.217242837411376,B1+B4
2017-12-11,16,53.38,42.03340688074721,B1+B4
2017-12-11,17,51.87,45.34114669881235,B1+B4
2017-12-11,18,47.4,41.40886566958433,B1+B4
2017-12-11,19,39.68,38.045125579209255,B1+B4
2017-12-11,20,40.7,36.59118882577444,B1+B4
2017-12-11,21,34.43,32.96767580368711,B1+B4
2017-12-11,22,31.95,29.030004416537384,B1+B4
2017-12-11,23,27.35,25.396278798669982,B1+B4
2017-12-12,0,24.52,22.25567423722732,B1+B4
2017-12-12,1,22.21,19.775767723904316,B1+B4
2017-12-12,2,14.58,14.909563185517449,B1+B4
2017-12-12,3,12.31,16.750197000792944,B1+B4
2017-12-12,4,14.2,19.11402987372098,B1+B4
2017-12-12,5,26.14,23.352927211483692,B1+B4
2017-12-12,6,30.89,29.210422253071446,B1+B4
2017-12-12,7,32.32,36.638926736364176,B1+B4
2017-12-12,8,35.19,37.10393710293951,B1+B4
2017-12-12,9,34.7,35.26704965627877,B1+B4
2017-12-12,10,34.75,34.17902213247621,B1+B4
2017-12-12,11,35.75,36.36692893733072,B1+B4
2017-12-12,12,36.92,34.28462742149644,B1+B4
2017-12-12,13,39.9,34.5833390729163,B1+B4
2017-12-12,14,43.16,37.256182280251046,B1+B4
2017-12-12,15,45.0,44.19224868461109,B1+B4
2017-12-12,16,46.09,46.27390792759824,B1+B4
2017-12-12,17,50.95,50.507148528641665,B1+B4
2017-12-12,18,46.95,50.08631188086963,B1+B4
2017-12-12,19,46.08,44.98020402983715,B1+B4
2017-12-12,20,46.1,38.86909856475909,B1+B4
2017-12-12,21,40.95,34.61925433872099,B1+B4
2017-12-12,22,36.74,31.316335325517645,B1+B4
2017-12-12,23,27.96,26.083048679552807,B1+B4
2017-12-13,0,22.55,24.12125977889985,B1+B4
2017-12-13,1,20.0,22.455244070071515,B1+B4
2017-12-13,2,15.96,21.06803192739682,B1+B4
2017-12-13,3,12.74,18.861603604848888,B1+B4
2017-12-13,4,14.2,19.312840205643393,B1+B4
2017-12-13,5,18.02,22.583487964512656,B1+B4
2017-12-13,6,32.93,31.324883093591982,B1+B4
2017-12-13,7,34.19,38.22799651015405,B1+B4
2017-12-13,8,38.27,37.713451602693,B1+B4
2017-12-13,9,34.45,36.031660214734316,B1+B4
2017-12-13,10,30.97,32.565085019476946,B1+B4
2017-12-13,11,29.83,30.84958253721613,B1+B4
2017-12-13,12,29.7,29.034210865892778,B1+B4
2017-12-13,13,29.98,29.503399938203636,B1+B4
2017-12-13,14,32.44,30.95262733813138,B1+B4
2017-12-13,15,32.91,33.777026040636756,B1+B4
2017-12-13,16,34.49,37.244859299886755,B1+B4
2017-12-13,17,34.46,40.033946114386005,B1+B4
2017-12-13,18,33.94,38.32689931909113,B1+B4
2017-12-13,19,32.75,36.46444840597432,B1+B4
2017-12-13,20,29.1,34.00747266765786,B1+B4
2017-12-13,21,22.62,29.172570199647076,B1+B4
2017-12-13,22,20.05,20.67661337353396,B1+B4
2017-12-13,23,8.45,13.560896247278484,B1+B4
2017-12-14,0,8.84,12.652662203221942,B1+B4
2017-12-14,1,8.8,10.441688953021412,B1+B4
2017-12-14,2,8.84,8.178084129949514,B1+B4
2017-12-14,3,9.01,9.71287246677013,B1+B4
2017-12-14,4,10.79,12.82022835870149,B1+B4
2017-12-14,5,14.44,19.03444094253529,B1+B4
2017-12-14,6,32.63,28.767019851445855,B1+B4
2017-12-14,7,45.94,36.054750244074704,B1+B4
2017-12-14,8,42.14,36.76937665801452,B1+B4
2017-12-14,9,33.84,36.751433545284165,B1+B4
2017-12-14,10,32.06,34.3543916417258,B1+B4
2017-12-14,11,31.82,31.41603369123142,B1+B4
2017-12-14,12,31.54,29.494320425380103,B1+B4
2017-12-14,13,31.46,30.273455826579834,B1+B4
2017-12-14,14,32.53,32.617719404306655,B1+B4
2017-12-14,15,36.43,35.46041973795761,B1+B4
2017-12-14,16,38.43,38.986778743986676,B1+B4
2017-12-14,17,49.94,45.990691784574146,B1+B4
2017-12-14,18,51.55,46.04193760980646,B1+B4
2017-12-14,19,48.06,45.334106441872535,B1+B4
2017-12-14,20,41.9,41.44341966742611,B1+B4
2017-12-14,21,39.31,37.73576289373169,B1+B4
2017-12-14,22,34.94,36.02636744736488,B1+B4
2017-12-14,23,28.96,32.17055401693,B1+B4
2017-12-15,0,32.01,28.509318437861612,B1+B4
2017-12-15,1,30.93,27.61993885521743,B1+B4
2017-12-15,2,29.0,26.423266331330392,B1+B4
2017-12-15,3,28.97,27.189062986727265,B1+B4
2017-12-15,4,29.57,27.874407521832197,B1+B4
2017-12-15,5,33.17,32.30541102209138,B1+B4
2017-12-15,6,46.95,42.935600798056825,B1+B4
2017-12-15,7,57.17,52.286959694524505,B1+B4
2017-12-15,8,54.31,54.742851244825914,B1+B4
2017-12-15,9,53.93,52.33759020537482,B1+B4
2017-12-15,10,52.09,53.32256932915314,B1+B4
2017-12-15,11,52.51,53.1285498763709,B1+B4
2017-12-15,12,48.49,51.86727142890717,B1+B4
2017-12-15,13,47.92,48.00849799406251,B1+B4
2017-12-15,14,48.93,48.67828752746459,B1+B4
2017-12-15,15,52.94,53.12007708471905,B1+B4
2017-12-15,16,60.92,59.3316550235762,B1+B4
2017-12-15,17,74.54,63.42186771379161,B1+B4
2017-12-15,18,59.32,59.97388351551234,B1+B4
2017-12-15,19,53.91,51.85589934537035,B1+B4
2017-12-15,20,50.13,43.83201096516391,B1+B4
2017-12-15,21,42.23,40.06224471417819,B1+B4
2017-12-15,22,37.04,38.4599424803367,B1+B4
2017-12-15,23,33.23,32.218647352685494,B1+B4
2017-12-16,0,35.07,35.530820935606904,B1+B4
2017-12-16,1,33.08,32.816198578626064,B1+B4
2017-12-16,2,32.96,33.47813800828199,B1+B4
2017-12-16,3,31.96,29.918025158501404,B1+B4
2017-12-16,4,32.0,29.829932128485922,B1+B4
2017-12-16,5,31.76,28.69137907275365,B1+B4
2017-12-16,6,31.58,29.63318721157842,B1+B4
2017-12-16,7,31.39,32.86225429524045,B1+B4
2017-12-16,8,34.01,34.99065177992064,B1+B4
2017-12-16,9,41.56,37.36180658266966,B1+B4
2017-12-16,10,44.34,35.48454970329405,B1+B4
2017-12-16,11,44.03,36.72227963702336,B1+B4
2017-12-16,12,41.69,35.42467775172916,B1+B4
2017-12-16,13,38.1,30.966377245693888,B1+B4
2017-12-16,14,36.48,29.808644040473823,B1+B4
2017-12-16,15,40.0,32.071745654260276,B1+B4
2017-12-16,16,46.17,33.83076529040445,B1+B4
2017-12-16,17,48.93,41.52615030859134,B1+B4
2017-12-16,18,46.9,38.74979011153764,B1+B4
2017-12-16,19,42.0,36.393584466213376,B1+B4
2017-12-16,20,39.0,31.432166979520215,B1+B4
2017-12-16,21,33.62,30.497299145206437,B1+B4
2017-12-16,22,33.01,31.595208492947886,B1+B4
2017-12-16,23,29.02,27.634488330790393,B1+B4
2017-12-17,0,28.9,25.645512688990294,B1+B4
2017-12-17,1,28.2,24.418279952201967,B1+B4
2017-12-17,2,28.2,24.77242239316628,B1+B4
2017-12-17,3,27.94,24.326852065685628,B1+B4
2017-12-17,4,28.21,25.564109154848026,B1+B4
2017-12-17,5,28.38,26.049629221527958,B1+B4
2017-12-17,6,28.58,26.233072524503395,B1+B4
2017-12-17,7,29.4,28.403112589105376,B1+B4
2017-12-17,8,31.38,32.37624905669858,B1+B4
2017-12-17,9,34.78,36.10619033719428,B1+B4
2017-12-17,10,38.12,37.46015277070122,B1+B4
2017-12-17,11,43.64,41.57916823863152,B1+B4
2017-12-17,12,41.57,38.13958495468468,B1+B4
2017-12-17,13,40.02,35.113248854525736,B1+B4
2017-12-17,14,39.08,34.471703331474345,B1+B4
2017-12-17,15,41.5,33.52620753885719,B1+B4
2017-12-17,16,45.74,34.52212143957403,B1+B4
2017-12-17,17,46.96,41.78250698542658,B1+B4
2017-12-17,18,45.91,40.807635906522634,B1+B4
2017-12-17,19,42.91,37.894176636136805,B1+B4
2017-12-17,20,36.42,34.093957030104946,B1+B4
2017-12-17,21,32.92,31.988129971641797,B1+B4
2017-12-17,22,30.66,32.64897783630532,B1+B4
2017-12-17,23,28.59,25.299119926340214,B1+B4
2017-12-18,0,30.43,28.839530730523947,B1+B4
2017-12-18,1,29.9,28.227994080883363,B1+B4
2017-12-18,2,28.15,26.78888891025671,B1+B4
2017-12-18,3,27.39,26.773989711234538,B1+B4
2017-12-18,4,28.71,28.86407425582862,B1+B4
2017-12-18,5,33.73,31.11159255857579,B1+B4
2017-12-18,6,46.2,47.88882579267569,B1+B4
2017-12-18,7,63.95,62.37829651065634,B1+B4
2017-12-18,8,64.42,64.06087081204168,B1+B4
2017-12-18,9,64.08,61.85566113695218,B1+B4
2017-12-18,10,64.28,67.51664145870299,B1+B4
2017-12-18,11,69.65,69.94147393154631,B1+B4
2017-12-18,12,68.23,69.57733742947423,B1+B4
2017-12-18,13,69.97,69.56926664204593,B1+B4
2017-12-18,14,69.49,69.35702326796903,B1+B4
2017-12-18,15,71.32,74.48356273504257,B1+B4
2017-12-18,16,73.5,71.55119921969722,B1+B4
2017-12-18,17,79.72,93.64946373598808,B1+B4
2017-12-18,18,75.84,75.04846847091909,B1+B4
2017-12-18,19,68.87,59.31216147240475,B1+B4
2017-12-18,20,63.31,52.08383760475817,B1+B4
2017-12-18,21,56.58,46.19336360271681,B1+B4
2017-12-18,22,45.03,43.19401175559715,B1+B4
2017-12-18,23,37.29,38.990947344796126,B1+B4
2017-12-19,0,44.34,43.94650048250941,B1+B4
2017-12-19,1,38.07,43.11252837767917,B1+B4
2017-12-19,2,37.59,46.42839476742397,B1+B4
2017-12-19,3,36.5,41.18671086499295,B1+B4
2017-12-19,4,38.89,43.86209851754984,B1+B4
2017-12-19,5,41.01,46.492407356826334,B1+B4
2017-12-19,6,53.67,57.01534124579021,B1+B4
2017-12-19,7,68.17,75.66027073429271,B1+B4
2017-12-19,8,76.91,73.55646224554812,B1+B4
2017-12-19,9,77.06,82.24129253917505,B1+B4
2017-12-19,10,75.3,100.59761391476906,B1+B4
2017-12-19,11,74.0,102.13227212495337,B1+B4
2017-12-19,12,70.85,93.3240922487933,B1+B4
2017-12-19,13,70.57,82.34865145413877,B1+B4
2017-12-19,14,70.2,81.80661262569431,B1+B4
2017-12-19,15,70.32,78.9622522509886,B1+B4
2017-12-19,16,75.82,73.9968353587593,B1+B4
2017-12-19,17,78.28,87.75084778686679,B1+B4
2017-12-19,18,75.16,74.78899194064131,B1+B4
2017-12-19,19,75.06,70.67702952602917,B1+B4
2017-12-19,20,66.29,54.23779289238923,B1+B4
2017-12-19,21,52.01,49.61563823385622,B1+B4
2017-12-19,22,48.86,48.62174628474038,B1+B4
2017-12-19,23,41.18,43.269831511841794,B1+B4
2017-12-20,0,44.47,40.706473811001395,B1+B4
2017-12-20,1,40.1,41.01750951902293,B1+B4
2017-12-20,2,37.83,40.17841153231463,B1+B4
2017-12-20,3,37.27,39.021605394215676,B1+B4
2017-12-20,4,40.85,41.48140410919845,B1+B4
2017-12-20,5,45.79,42.65482286076995,B1+B4
2017-12-20,6,57.35,54.1178669891805,B1+B4
2017-12-20,7,75.98,67.36709498750842,B1+B4
2017-12-20,8,76.7,75.18685686149766,B1+B4
2017-12-20,9,76.69,83.0730942188633,B1+B4
2017-12-20,10,76.61,87.40554952662754,B1+B4
2017-12-20,11,76.56,96.89886466104261,B1+B4
2017-12-20,12,76.35,85.21476388227265,B1+B4
2017-12-20,13,76.03,77.30742476239601,B1+B4
2017-12-20,14,74.89,72.82947060984091,B1+B4
2017-12-20,15,72.05,69.14258208170615,B1+B4
2017-12-20,16,76.06,71.78007617821584,B1+B4
2017-12-20,17,79.3,77.58569382893855,B1+B4
2017-12-20,18,77.26,67.67734345727811,B1+B4
2017-12-20,19,75.96,60.79581537064996,B1+B4
2017-12-20,20,64.16,50.13779111851686,B1+B4
2017-12-20,21,46.03,44.37449810819584,B1+B4
2017-12-20,22,42.01,42.20893837716186,B1+B4
2017-12-20,23,37.63,33.353115044688124,B1+B4
2017-12-21,0,33.09,32.60798523552921,B1+B4
2017-12-21,1,35.26,32.23171257613305,B1+B4
2017-12-21,2,31.88,30.24817118070966,B1+B4
2017-12-21,3,33.04,29.031235629958502,B1+B4
2017-12-21,4,33.6,29.2232275120799,B1+B4
2017-12-21,5,35.05,32.09035947340873,B1+B4
2017-12-21,6,35.19,40.63428608460127,B1+B4
2017-12-21,7,45.94,54.730734263762784,B1+B4
2017-12-21,8,49.9,54.785041785888794,B1+B4
2017-12-21,9,50.0,54.483489698680856,B1+B4
2017-12-21,10,51.03,53.796161977206054,B1+B4
2017-12-21,11,54.48,53.79611038625299,B1+B4
2017-12-21,12,55.96,50.195614963078555,B1+B4
2017-12-21,13,49.99,51.496470913860875,B1+B4
2017-12-21,14,46.15,50.99594299889471,B1+B4
2017-12-21,15,46.86,50.947722438569414,B1+B4
2017-12-21,16,51.93,53.090667655155904,B1+B4
2017-12-21,17,50.95,61.07400104765558,B1+B4
2017-12-21,18,51.03,56.250349044678764,B1+B4
2017-12-21,19,46.02,55.50962927235598,B1+B4
2017-12-21,20,35.83,46.47066219696946,B1+B4
2017-12-21,21,36.26,39.673629189814314,B1+B4
2017-12-21,22,38.72,35.848886452981134,B1+B4
2017-12-21,23,34.84,30.12644925799683,B1+B4
2017-12-22,0,27.76,31.695762541715332,B1+B4
2017-12-22,1,26.45,30.646423696785178,B1+B4
2017-12-22,2,26.2,30.85016650101171,B1+B4
2017-12-22,3,26.36,29.90254641126038,B1+B4
2017-12-22,4,27.59,30.889096119462497,B1+B4
2017-12-22,5,31.93,33.53811736875173,B1+B4
2017-12-22,6,38.61,41.07476425179941,B1+B4
2017-12-22,7,47.52,54.6948063708177,B1+B4
2017-12-22,8,48.0,59.34831203534003,B1+B4
2017-12-22,9,50.0,57.92966678083189,B1+B4
2017-12-22,10,48.99,62.40928295062952,B1+B4
2017-12-22,11,46.55,62.04135854255139,B1+B4
2017-12-22,12,47.86,54.37100965278846,B1+B4
2017-12-22,13,46.96,48.20078009453397,B1+B4
2017-12-22,14,39.0,45.21812304660895,B1+B4
2017-12-22,15,39.37,45.15845268435889,B1+B4
2017-12-22,16,46.06,46.462805033585376,B1+B4
2017-12-22,17,47.34,53.5482235310665,B1+B4
2017-12-22,18,41.5,50.28927952747763,B1+B4
2017-12-22,19,40.66,44.948505922819635,B1+B4
2017-12-22,20,42.91,40.65387118521831,B1+B4
2017-12-22,21,42.06,37.32206275954451,B1+B4
2017-12-22,22,37.4,37.3718338314189,B1+B4
2017-12-22,23,30.62,34.36751689652582,B1+B4
2017-12-23,0,26.33,26.597839441710214,B1+B4
2017-12-23,1,17.72,23.711186456855785,B1+B4
2017-12-23,2,11.8,20.71552683974344,B1+B4
2017-12-23,3,11.3,19.682465047285678,B1+B4
2017-12-23,4,12.4,19.6887005666178,B1+B4
2017-12-23,5,8.4,20.0296403044139,B1+B4
2017-12-23,6,9.71,21.81489004922261,B1+B4
2017-12-23,7,10.71,18.537790217101985,B1+B4
2017-12-23,8,14.78,22.51889674365297,B1+B4
2017-12-23,9,18.79,27.774956386448558,B1+B4
2017-12-23,10,20.08,27.699420575583133,B1+B4
2017-12-23,11,14.74,25.54404919975823,B1+B4
2017-12-23,12,14.77,24.863005782370134,B1+B4
2017-12-23,13,10.87,22.92763815705489,B1+B4
2017-12-23,14,5.65,20.721371381809085,B1+B4
2017-12-23,15,10.04,21.77150966361875,B1+B4
2017-12-23,16,12.91,24.460675016005528,B1+B4
2017-12-23,17,22.01,26.05716015429446,B1+B4
2017-12-23,18,18.08,26.037016985133995,B1+B4
2017-12-23,19,10.84,28.305988979678148,B1+B4
2017-12-23,20,0.4,25.65377015801131,B1+B4
2017-12-23,21,-0.03,21.871887239043527,B1+B4
2017-12-23,22,-0.09,21.225180589661974,B1+B4
2017-12-23,23,-12.12,8.147941622231215,B1+B4
2017-12-24,0,-40.84,-14.89189808478205,B1+B4
2017-12-24,1,-43.18,-24.301290841862446,B1+B4
2017-12-24,2,-55.99,-28.256019992070527,B1+B4
2017-12-24,3,-49.99,-18.75453610127869,B1+B4
2017-12-24,4,-40.14,-13.105230503113464,B1+B4
2017-12-24,5,-36.05,-5.748485483255575,B1+B4
2017-12-24,6,-42.93,-5.815042121802364,B1+B4
2017-12-24,7,-9.94,-4.67178819307361,B1+B4
2017-12-24,8,2.13,2.131087642770318,B1+B4
2017-12-24,9,5.07,12.868117709302066,B1+B4
2017-12-24,10,5.03,15.705663233044177,B1+B4
2017-12-24,11,6.82,17.679631157702726,B1+B4
2017-12-24,12,2.17,15.966957297984404,B1+B4
2017-12-24,13,2.93,11.46481104445683,B1+B4
2017-12-24,14,0.1,6.0775333765813855,B1+B4
2017-12-24,15,1.09,5.894965538396832,B1+B4
2017-12-24,16,6.75,12.976803717281669,B1+B4
2017-12-24,17,11.08,20.210352448031742,B1+B4
2017-12-24,18,2.85,18.60156470123749,B1+B4
2017-12-24,19,1.8,13.45830417359194,B1+B4
2017-12-24,20,-4.94,12.932749121657896,B1+B4
2017-12-24,21,-6.74,16.14100458596224,B1+B4
2017-12-24,22,0.08,15.304977378680302,B1+B4
2017-12-24,23,0.06,6.270634459577725,B1+B4
2017-12-25,0,-4.98,-4.219259856169206,B1+B4
2017-12-25,1,-32.58,-9.266863143937595,B1+B4
2017-12-25,2,-19.79,-12.74978838751727,B1+B4
2017-12-25,3,-11.9,-8.199709055599534,B1+B4
2017-12-25,4,-4.96,-5.142516925092668,B1+B4
2017-12-25,5,-4.83,2.6579094259882403,B1+B4
2017-12-25,6,-61.41,6.437139728730834,B1+B4
2017-12-25,7,-4.97,5.8413084559339445,B1+B4
2017-12-25,8,0.07,8.2596848460562,B1+B4
2017-12-25,9,9.94,16.010537654708852,B1+B4
2017-12-25,10,19.9,19.05786988961138,B1+B4
2017-12-25,11,22.01,20.52370336917493,B1+B4
2017-12-25,12,18.35,18.724002409027214,B1+B4
2017-12-25,13,15.99,19.02351893895446,B1+B4
2017-12-25,14,12.97,20.67464970684299,B1+B4
2017-12-25,15,17.97,23.406489894619632,B1+B4
2017-12-25,16,17.99,26.982808557083388,B1+B4
2017-12-25,17,26.45,31.36887218155136,B1+B4
2017-12-25,18,27.41,31.27701614821231,B1+B4
2017-12-25,19,27.59,28.07081767694874,B1+B4
2017-12-25,20,25.64,25.44551459613519,B1+B4
2017-12-25,21,22.09,22.490836375316444,B1+B4
2017-12-25,22,22.17,24.767503268857418,B1+B4
2017-12-25,23,22.0,13.196285668606754,B1+B4
2017-12-26,0,5.06,16.89263777334627,B1+B4
2017-12-26,1,5.06,11.808646207684678,B1+B4
2017-12-26,2,-1.44,7.489228400565004,B1+B4
2017-12-26,3,-6.94,2.7852606700891123,B1+B4
2017-12-26,4,-9.65,-1.904499581381625,B1+B4
2017-12-26,5,-9.89,0.31387821719729203,B1+B4
2017-12-26,6,-11.88,1.8705044435131235,B1+B4
2017-12-26,7,-3.24,2.1196005680032,B1+B4
2017-12-26,8,-9.78,-3.7306091956263856,B1+B4
2017-12-26,9,0.0,-5.27577927997833,B1+B4
2017-12-26,10,-24.33,-8.099678376292132,B1+B4
2017-12-26,11,-31.69,-10.02451616420813,B1+B4
2017-12-26,12,-52.82,-10.24932591999113,B1+B4
2017-12-26,13,-53.42,-5.162817735525756,B1+B4
2017-12-26,14,-18.0,6.2385295497188515,B1+B4
2017-12-26,15,-0.48,9.216072140393607,B1+B4
2017-12-26,16,5.49,18.35778727409694,B1+B4
2017-12-26,17,10.66,22.825260685049372,B1+B4
2017-12-26,18,13.35,25.578058177918997,B1+B4
2017-12-26,19,11.19,26.127048152179647,B1+B4
2017-12-26,20,19.0,26.727872959024758,B1+B4
2017-12-26,21,18.06,22.470394798597127,B1+B4
2017-12-26,22,22.02,21.436788367522404,B1+B4
2017-12-26,23,13.46,18.661508244227043,B1+B4
2017-12-27,0,25.37,15.207132635656714,B1+B4
2017-12-27,1,15.09,12.33487524806343,B1+B4
2017-12-27,2,13.93,12.163966454021336,B1+B4
2017-12-27,3,13.48,9.361275236757333,B1+B4
2017-12-27,4,12.74,8.31720118574313,B1+B4
2017-12-27,5,13.29,14.055147664698215,B1+B4
2017-12-27,6,20.03,20.775267174961968,B1+B4
2017-12-27,7,28.62,25.645753732363545,B1+B4
2017-12-27,8,32.0,28.123864190387316,B1+B4
2017-12-27,9,34.91,29.66794156072713,B1+B4
2017-12-27,10,35.3,28.505418087670094,B1+B4
2017-12-27,11,42.46,32.39323159519045,B1+B4
2017-12-27,12,46.11,29.69282108191924,B1+B4
2017-12-27,13,46.01,31.509685398333133,B1+B4
2017-12-27,14,46.4,30.525629329598676,B1+B4
2017-12-27,15,46.48,32.0821663138267,B1+B4
2017-12-27,16,50.9,35.3233579383463,B1+B4
2017-12-27,17,56.09,38.845848744956065,B1+B4
2017-12-27,18,57.57,41.11119925418908,B1+B4
2017-12-27,19,51.33,39.73024575778123,B1+B4
2017-12-27,20,42.4,35.13812674273074,B1+B4
2017-12-27,21,40.0,31.61257816210665,B1+B4
2017-12-27,22,42.24,32.64808400610515,B1+B4
2017-12-27,23,31.27,23.614636743120926,B1+B4
2017-12-28,0,28.87,31.882820084521708,B1+B4
2017-12-28,1,28.12,28.70622310312846,B1+B4
2017-12-28,2,27.2,27.124427653666032,B1+B4
2017-12-28,3,26.0,24.12653608086083,B1+B4
2017-12-28,4,26.33,24.135141266752246,B1+B4
2017-12-28,5,28.89,25.907607861566152,B1+B4
2017-12-28,6,30.74,28.371589533955873,B1+B4
2017-12-28,7,35.98,36.01652112600368,B1+B4
2017-12-28,8,38.43,38.70921354286605,B1+B4
2017-12-28,9,39.93,40.394600687772126,B1+B4
2017-12-28,10,40.12,39.92573933776529,B1+B4
2017-12-28,11,39.97,39.40529348573703,B1+B4
2017-12-28,12,40.16,35.30796453446479,B1+B4
2017-12-28,13,39.24,32.21653940004315,B1+B4
2017-12-28,14,36.42,32.38476565605557,B1+B4
2017-12-28,15,40.03,33.385625006321504,B1+B4
2017-12-28,16,42.98,34.747495537203626,B1+B4
2017-12-28,17,43.01,40.975088384502435,B1+B4
2017-12-28,18,42.16,40.293525812555956,B1+B4
2017-12-28,19,34.93,36.05825541635029,B1+B4
2017-12-28,20,25.06,28.765017662266423,B1+B4
2017-12-28,21,19.99,24.362028398440252,B1+B4
2017-12-28,22,19.22,27.14664455520616,B1+B4
2017-12-28,23,5.86,21.19440563511143,B1+B4
2017-12-29,0,9.73,9.280867102640798,B1+B4
2017-12-29,1,0.72,6.2076809021827835,B1+B4
2017-12-29,2,-0.93,2.236807150483351,B1+B4
2017-12-29,3,1.07,6.449577027918483,B1+B4
2017-12-29,4,1.0,10.618573924107844,B1+B4
2017-12-29,5,2.91,14.104180521421311,B1+B4
2017-12-29,6,3.6,20.425719739151305,B1+B4
2017-12-29,7,15.97,27.154123809987105,B1+B4
2017-12-29,8,29.69,31.029314495606705,B1+B4
2017-12-29,9,30.2,32.82622137209316,B1+B4
2017-12-29,10,29.83,31.82507026288883,B1+B4
2017-12-29,11,29.47,32.18658183368334,B1+B4
2017-12-29,12,29.2,30.460709071394305,B1+B4
2017-12-29,13,29.45,29.650370235653305,B1+B4
2017-12-29,14,30.02,32.69710025981779,B1+B4
2017-12-29,15,31.0,32.65133680700746,B1+B4
2017-12-29,16,32.98,36.602030399873065,B1+B4
2017-12-29,17,34.95,41.98381909413192,B1+B4
2017-12-29,18,32.79,38.56139979235003,B1+B4
2017-12-29,19,30.23,31.624198093874348,B1+B4
2017-12-29,20,28.49,28.499288411944278,B1+B4
2017-12-29,21,26.51,27.144795739150716,B1+B4
2017-12-29,22,26.9,25.69034937851914,B1+B4
2017-12-29,23,15.06,23.380057136600854,B1+B4
2017-12-30,0,16.4,16.295677456939348,B1+B4
2017-12-30,1,13.33,13.11461312775231,B1+B4
2017-12-30,2,13.25,10.931202473508803,B1+B4
2017-12-30,3,12.04,10.096122593092078,B1+B4
2017-12-30,4,11.45,10.270004679621783,B1+B4
2017-12-30,5,8.49,12.287309191487187,B1+B4
2017-12-30,6,9.83,8.520640458511217,B1+B4
2017-12-30,7,12.07,13.692364053940207,B1+B4
2017-12-30,8,13.41,21.63134556792416,B1+B4
2017-12-30,9,16.09,25.72885839007303,B1+B4
2017-12-30,10,18.8,26.524121959271042,B1+B4
2017-12-30,11,17.03,26.475702780941187,B1+B4
2017-12-30,12,17.67,24.883282642194345,B1+B4
2017-12-30,13,15.51,21.909517536116546,B1+B4
2017-12-30,14,17.61,19.216854397048294,B1+B4
2017-12-30,15,13.22,15.276041589829415,B1+B4
2017-12-30,16,14.02,17.508231920901615,B1+B4
2017-12-30,17,16.78,21.55549210221995,B1+B4
2017-12-30,18,16.01,16.266181867301746,B1+B4
2017-12-30,19,16.18,6.072798909798131,B1+B4
2017-12-30,20,11.13,6.092390719104156,B1+B4
2017-12-30,21,4.62,-1.1557284349598902,B1+B4
2017-12-30,22,4.71,-0.8568839793737553,B1+B4
2017-12-30,23,-0.27,-7.783996639702885,B1+B4
2017-12-31,0,-2.04,-19.711893173130154,B1+B4
2017-12-31,1,-4.99,-17.599687148111464,B1+B4
2017-12-31,2,-0.59,-11.474579964228397,B1+B4
2017-12-31,3,-3.71,-6.752483831931674,B1+B4
2017-12-31,4,0.08,-5.129906245048744,B1+B4
2017-12-31,5,1.16,-6.2544009243742344,B1+B4
2017-12-31,6,-0.86,-10.72163949528684,B1+B4
2017-12-31,7,4.09,-10.972366505406725,B1+B4
2017-12-31,8,4.17,2.5288099509933204,B1+B4
2017-12-31,9,4.21,7.873438783273926,B1+B4
2017-12-31,10,9.05,3.8964948003889894,B1+B4
2017-12-31,11,9.2,4.3324742264923515,B1+B4
2017-12-31,12,4.45,-3.97879884819762,B1+B4
2017-12-31,13,2.04,-13.59533697704606,B1+B4
2017-12-31,14,0.06,-14.036984257648168,B1+B4
2017-12-31,15,0.36,-18.795569129782578,B1+B4
2017-12-31,16,1.46,-9.585085938338011,B1+B4
2017-12-31,17,6.14,-0.7028174388520867,B1+B4
2017-12-31,18,9.96,5.9036926921075334,B1+B4
2017-12-31,19,7.92,5.288734168318875,B1+B4
2017-12-31,20,4.06,5.546760715514431,B1+B4
2017-12-31,21,5.3,6.944238386357352,B1+B4
2017-12-31,22,1.86,12.723849784668694,B1+B4
2017-12-31,23,-0.92,2.578858364345866,B1+B4
