origin,y_true,y_pred,model
2016-01-04,27.474583333333328,24.345385,DailyLSTM
2016-01-05,33.389166666666675,30.400162,DailyLSTM
2016-01-06,33.606249999999996,36.203922,DailyLSTM
2016-01-07,33.39541666666666,31.54221,DailyLSTM
2016-01-08,26.9675,23.957504,DailyLSTM
2016-01-09,28.89708333333333,25.222702,DailyLSTM
2016-01-10,20.562916666666666,19.022614,DailyLSTM
2016-01-11,33.61625,34.2207,DailyLSTM
2016-01-12,29.446249999999996,33.857018,DailyLSTM
2016-01-13,29.160416666666666,32.30849,DailyLSTM
2016-01-14,33.59416666666667,34.333984,DailyLSTM
2016-01-15,35.40416666666666,36.200783,DailyLSTM
2016-01-16,28.3175,31.14241,DailyLSTM
2016-01-17,27.566249999999997,29.253893,DailyLSTM
2016-01-18,38.86625000000001,38.801266,DailyLSTM
2016-01-19,48.20208333333334,34.77959,DailyLSTM
2016-01-20,48.72666666666667,40.212055,DailyLSTM
2016-01-21,52.17958333333333,47.11198,DailyLSTM
2016-01-22,33.2925,34.27684,DailyLSTM
2016-01-23,28.279583333333335,26.59708,DailyLSTM
2016-01-24,26.34500000000001,25.202633,DailyLSTM
2016-01-25,28.34041666666667,35.02543,DailyLSTM
2016-01-26,25.510416666666657,23.656164,DailyLSTM
2016-01-27,19.202499999999997,14.489107,DailyLSTM
2016-01-28,25.80208333333333,26.146431,DailyLSTM
2016-01-29,22.647500000000004,16.986183,DailyLSTM
2016-01-30,12.052083333333334,13.820309,DailyLSTM
2016-01-31,12.051249999999998,11.221762,DailyLSTM
2016-02-01,21.254166666666666,24.617542,DailyLSTM
2016-02-02,16.56958333333333,15.783867,DailyLSTM
2016-02-03,22.866666666666664,20.14412,DailyLSTM
2016-02-04,26.36333333333334,27.226072,DailyLSTM
2016-02-05,27.860416666666666,26.776337,DailyLSTM
2016-02-06,16.296249999999997,18.597809,DailyLSTM
2016-02-07,9.772916666666667,9.338465,DailyLSTM
2016-02-08,13.64125,17.267752,DailyLSTM
2016-02-09,16.152083333333334,23.526993,DailyLSTM
2016-02-10,24.32916666666667,27.80848,DailyLSTM
2016-02-11,25.71541666666667,25.899136,DailyLSTM
2016-02-12,28.591666666666672,35.665436,DailyLSTM
2016-02-13,22.936666666666667,21.498352,DailyLSTM
2016-02-14,15.366249999999999,13.780327,DailyLSTM
2016-02-15,24.527083333333334,32.20242,DailyLSTM
2016-02-16,32.368750000000006,31.569,DailyLSTM
2016-02-17,26.089166666666667,29.962616,DailyLSTM
2016-02-18,27.86375,33.17505,DailyLSTM
2016-02-19,27.362499999999997,31.40526,DailyLSTM
2016-02-20,14.190000000000003,11.547121,DailyLSTM
2016-02-21,8.923749999999998,8.152857,DailyLSTM
2016-02-22,19.18958333333333,24.377777,DailyLSTM
2016-02-23,24.519166666666663,25.548004,DailyLSTM
2016-02-24,23.95125,26.244509,DailyLSTM
2016-02-25,27.88,26.308302,DailyLSTM
2016-02-26,27.833750000000006,30.192423,DailyLSTM
2016-02-27,23.000833333333343,25.516405,DailyLSTM
2016-02-28,18.33666666666667,24.659988,DailyLSTM
2016-02-29,23.944999999999997,28.929573,DailyLSTM
2016-03-01,24.997083333333332,28.71989,DailyLSTM
2016-03-02,24.049166666666668,24.716133,DailyLSTM
2016-03-03,28.190416666666664,29.595112,DailyLSTM
2016-03-04,24.883749999999996,27.12862,DailyLSTM
2016-03-05,23.12625,23.3964,DailyLSTM
2016-03-06,21.333750000000006,19.501884,DailyLSTM
2016-03-07,29.422916666666666,28.1311,DailyLSTM
2016-03-08,28.36375000000001,28.625555,DailyLSTM
2016-03-09,25.749166666666664,24.511723,DailyLSTM
2016-03-10,26.155,28.901371,DailyLSTM
2016-03-11,27.92250000000001,27.580612,DailyLSTM
2016-03-12,27.81458333333333,25.022217,DailyLSTM
2016-03-13,22.926666666666662,21.440968,DailyLSTM
2016-03-14,27.454583333333332,30.635363,DailyLSTM
2016-03-15,27.145416666666666,28.092272,DailyLSTM
2016-03-16,25.40958333333334,27.005253,DailyLSTM
2016-03-17,27.63083333333333,28.686052,DailyLSTM
2016-03-18,25.24083333333333,28.536905,DailyLSTM
2016-03-19,24.549166666666668,26.585613,DailyLSTM
2016-03-20,17.882916666666667,16.014317,DailyLSTM
2016-03-21,25.300833333333333,24.855362,DailyLSTM
2016-03-22,28.4225,26.568092,DailyLSTM
2016-03-23,26.442083333333333,27.874374,DailyLSTM
2016-03-24,27.783749999999998,27.730183,DailyLSTM
2016-03-25,25.452916666666667,21.139133,DailyLSTM
2016-03-26,20.090833333333332,25.161495,DailyLSTM
2016-03-27,10.168333333333333,13.3836,DailyLSTM
2016-03-28,1.5220833333333328,9.4399605,DailyLSTM
2016-03-29,22.066666666666666,17.123875,DailyLSTM
2016-03-30,27.193749999999998,25.062164,DailyLSTM
2016-03-31,27.94208333333334,31.291218,DailyLSTM
2016-04-01,27.59625,30.95429,DailyLSTM
2016-04-02,21.498333333333335,20.994001,DailyLSTM
2016-04-03,17.689583333333328,17.401245,DailyLSTM
2016-04-04,27.139166666666668,27.698044,DailyLSTM
2016-04-05,26.872500000000002,30.155977,DailyLSTM
2016-04-06,22.62,24.856358,DailyLSTM
2016-04-07,22.820833333333336,23.166885,DailyLSTM
2016-04-08,28.347083333333334,30.022541,DailyLSTM
2016-04-09,24.13666666666667,25.991833,DailyLSTM
2016-04-10,19.307083333333335,19.54593,DailyLSTM
2016-04-11,23.594166666666663,25.795078,DailyLSTM
2016-04-12,28.355000000000004,29.830334,DailyLSTM
2016-04-13,28.53791666666666,28.908602,DailyLSTM
2016-04-14,26.73875,27.620377,DailyLSTM
2016-04-15,25.2375,27.825653,DailyLSTM
2016-04-16,18.894583333333333,18.778027,DailyLSTM
2016-04-17,18.5125,17.759035,DailyLSTM
2016-04-18,23.93166666666666,25.808613,DailyLSTM
2016-04-19,20.54041666666667,22.452358,DailyLSTM
2016-04-20,23.90958333333333,27.431313,DailyLSTM
2016-04-21,26.586666666666673,27.113382,DailyLSTM
2016-04-22,25.745833333333337,26.630922,DailyLSTM
2016-04-23,22.59875,22.41351,DailyLSTM
2016-04-24,15.549166666666666,19.449553,DailyLSTM
2016-04-25,26.487083333333334,24.461924,DailyLSTM
2016-04-26,26.99458333333334,25.500277,DailyLSTM
2016-04-27,26.09125,24.916777,DailyLSTM
2016-04-28,29.89583333333333,28.623728,DailyLSTM
2016-04-29,25.654166666666665,25.328644,DailyLSTM
2016-04-30,24.521666666666665,22.833832,DailyLSTM
2016-05-01,18.631666666666668,17.189352,DailyLSTM
2016-05-02,27.828333333333333,30.13669,DailyLSTM
2016-05-03,28.27416666666667,28.868832,DailyLSTM
2016-05-04,27.359999999999996,29.41316,DailyLSTM
2016-05-05,19.45,23.382324,DailyLSTM
2016-05-06,22.535416666666666,20.533562,DailyLSTM
2016-05-07,14.770000000000001,15.962133,DailyLSTM
2016-05-08,-12.89,5.452196,DailyLSTM
2016-05-09,21.563333333333333,21.709015,DailyLSTM
2016-05-10,27.034583333333334,26.016474,DailyLSTM
2016-05-11,25.07333333333334,24.375435,DailyLSTM
2016-05-12,25.304583333333337,20.59579,DailyLSTM
2016-05-13,27.3625,28.050034,DailyLSTM
2016-05-14,12.85,13.921999,DailyLSTM
2016-05-15,7.400416666666665,0.37687492,DailyLSTM
2016-05-16,20.787499999999998,17.818144,DailyLSTM
2016-05-17,30.302916666666665,31.072758,DailyLSTM
2016-05-18,30.627916666666675,32.774082,DailyLSTM
2016-05-19,33.355833333333344,31.307018,DailyLSTM
2016-05-20,27.66125,30.89225,DailyLSTM
2016-05-21,21.81833333333333,22.729197,DailyLSTM
2016-05-22,5.651666666666667,10.235029,DailyLSTM
2016-05-23,29.231666666666673,27.820904,DailyLSTM
2016-05-24,29.41,35.32587,DailyLSTM
2016-05-25,30.522916666666656,29.944681,DailyLSTM
2016-05-26,27.54750000000001,24.756554,DailyLSTM
2016-05-27,28.670833333333334,32.729755,DailyLSTM
2016-05-28,23.715416666666666,24.25955,DailyLSTM
2016-05-29,13.474166666666667,13.533365,DailyLSTM
2016-05-30,24.813333333333333,25.974903,DailyLSTM
2016-05-31,28.67375,30.828695,DailyLSTM
2016-06-01,30.472916666666663,30.347374,DailyLSTM
2016-06-02,28.775416666666672,34.610943,DailyLSTM
2016-06-03,29.080416666666668,30.518848,DailyLSTM
2016-06-04,25.149166666666662,28.675867,DailyLSTM
2016-06-05,20.31791666666667,23.681816,DailyLSTM
2016-06-06,30.516249999999996,30.582998,DailyLSTM
2016-06-07,29.117499999999996,33.418556,DailyLSTM
2016-06-08,29.08416666666666,29.7622,DailyLSTM
2016-06-09,30.677500000000006,31.519428,DailyLSTM
2016-06-10,26.186666666666667,25.051674,DailyLSTM
2016-06-11,26.37791666666668,25.953358,DailyLSTM
2016-06-12,22.4175,20.687794,DailyLSTM
2016-06-13,29.299166666666668,33.294247,DailyLSTM
2016-06-14,30.144583333333333,31.365671,DailyLSTM
2016-06-15,30.582083333333333,30.440712,DailyLSTM
2016-06-16,30.582499999999996,30.503098,DailyLSTM
2016-06-17,28.040000000000003,28.703678,DailyLSTM
2016-06-18,21.98125,23.456455,DailyLSTM
2016-06-19,17.398749999999996,18.550978,DailyLSTM
2016-06-20,26.956666666666667,26.590115,DailyLSTM
2016-06-21,33.08666666666666,33.503315,DailyLSTM
2016-06-22,32.44625,30.70691,DailyLSTM
2016-06-23,29.412083333333328,30.89575,DailyLSTM
2016-06-24,30.581249999999997,29.95681,DailyLSTM
2016-06-25,27.984999999999996,26.863348,DailyLSTM
2016-06-26,16.334999999999997,20.712896,DailyLSTM
2016-06-27,27.770416666666673,28.399782,DailyLSTM
2016-06-28,33.07833333333334,34.32585,DailyLSTM
2016-06-29,27.326666666666664,29.441927,DailyLSTM
2016-06-30,29.633333333333336,33.044052,DailyLSTM
2016-07-01,27.10833333333333,27.8414,DailyLSTM
2016-07-02,21.0575,20.274414,DailyLSTM
2016-07-03,14.242916666666666,12.334679,DailyLSTM
2016-07-04,30.82666666666667,31.368866,DailyLSTM
2016-07-05,26.97916666666667,28.375984,DailyLSTM
2016-07-06,16.210416666666664,14.619902,DailyLSTM
2016-07-07,29.582083333333333,28.867348,DailyLSTM
2016-07-08,28.660416666666666,26.816917,DailyLSTM
2016-07-09,20.473333333333336,19.381842,DailyLSTM
2016-07-10,15.29166666666667,9.318697,DailyLSTM
2016-07-11,25.227499999999996,23.568329,DailyLSTM
2016-07-12,29.86541666666666,32.723232,DailyLSTM
2016-07-13,32.57666666666666,31.565649,DailyLSTM
2016-07-14,25.199166666666667,27.337725,DailyLSTM
2016-07-15,25.998333333333335,21.014149,DailyLSTM
2016-07-16,24.844166666666666,22.344109,DailyLSTM
2016-07-17,21.491249999999997,21.29777,DailyLSTM
2016-07-18,29.82875,29.898565,DailyLSTM
2016-07-19,32.43333333333333,29.660076,DailyLSTM
2016-07-20,29.444583333333338,27.8883,DailyLSTM
2016-07-21,32.77708333333334,32.837376,DailyLSTM
2016-07-22,31.74416666666666,30.746622,DailyLSTM
2016-07-23,29.56041666666667,25.97034,DailyLSTM
2016-07-24,27.09166666666667,23.268269,DailyLSTM
2016-07-25,33.21625000000001,35.250496,DailyLSTM
2016-07-26,32.93666666666667,36.42828,DailyLSTM
2016-07-27,33.517500000000005,32.747154,DailyLSTM
2016-07-28,31.615,32.435047,DailyLSTM
2016-07-29,30.055416666666662,29.464397,DailyLSTM
2016-07-30,27.701250000000005,25.549892,DailyLSTM
2016-07-31,25.280416666666667,24.810324,DailyLSTM
2016-08-01,29.731250000000003,29.84843,DailyLSTM
2016-08-02,32.55166666666667,32.974613,DailyLSTM
2016-08-03,29.2675,29.367992,DailyLSTM
2016-08-04,27.89,29.357084,DailyLSTM
2016-08-05,31.547916666666662,30.070478,DailyLSTM
2016-08-06,24.567916666666665,23.861795,DailyLSTM
2016-08-07,15.401666666666664,13.002447,DailyLSTM
2016-08-08,21.27,17.597364,DailyLSTM
2016-08-09,28.77125,28.682842,DailyLSTM
2016-08-10,28.145416666666662,29.176826,DailyLSTM
2016-08-11,28.842500000000005,26.905527,DailyLSTM
2016-08-12,28.02416666666667,29.08704,DailyLSTM
2016-08-13,18.81,17.444244,DailyLSTM
2016-08-14,21.750416666666666,15.860384,DailyLSTM
2016-08-15,27.98166666666667,30.433435,DailyLSTM
2016-08-16,29.66208333333333,29.400421,DailyLSTM
2016-08-17,29.77708333333334,29.662132,DailyLSTM
2016-08-18,30.58916666666666,30.788996,DailyLSTM
2016-08-19,30.731666666666673,29.880857,DailyLSTM
2016-08-20,24.87458333333333,24.45121,DailyLSTM
2016-08-21,15.08833333333333,16.131859,DailyLSTM
2016-08-22,28.33583333333333,28.463188,DailyLSTM
2016-08-23,31.37875,29.752281,DailyLSTM
2016-08-24,29.77291666666667,29.437824,DailyLSTM
2016-08-25,28.80458333333333,28.637001,DailyLSTM
2016-08-26,29.43666666666667,29.758606,DailyLSTM
2016-08-27,26.22833333333334,28.531624,DailyLSTM
2016-08-28,21.705,13.2214775,DailyLSTM
2016-08-29,28.945416666666663,27.081818,DailyLSTM
2016-08-30,32.11041666666667,30.681187,DailyLSTM
2016-08-31,30.665416666666676,31.331968,DailyLSTM
2016-09-01,31.25583333333333,31.537886,DailyLSTM
2016-09-02,30.54541666666667,31.302528,DailyLSTM
2016-09-03,29.485416666666662,25.738594,DailyLSTM
2016-09-04,24.439999999999998,20.693077,DailyLSTM
2016-09-05,36.77833333333334,34.015865,DailyLSTM
2016-09-06,33.089166666666664,39.77498,DailyLSTM
2016-09-07,30.765000000000004,30.382923,DailyLSTM
2016-09-08,30.971249999999998,30.680561,DailyLSTM
2016-09-09,32.32416666666666,31.863573,DailyLSTM
2016-09-10,28.398750000000003,28.027792,DailyLSTM
2016-09-11,27.254166666666674,23.453403,DailyLSTM
2016-09-12,33.12708333333333,34.400375,DailyLSTM
2016-09-13,31.932499999999994,32.444553,DailyLSTM
2016-09-14,29.087499999999995,30.817856,DailyLSTM
2016-09-15,27.96624999999999,29.778229,DailyLSTM
2016-09-16,32.44833333333333,33.302963,DailyLSTM
2016-09-17,27.604583333333338,31.01635,DailyLSTM
2016-09-18,24.73625000000001,23.359585,DailyLSTM
2016-09-19,34.787499999999994,36.867355,DailyLSTM
2016-09-20,34.53333333333333,33.445942,DailyLSTM
2016-09-21,35.02458333333333,33.264194,DailyLSTM
2016-09-22,32.59416666666667,33.821,DailyLSTM
2016-09-23,31.09958333333333,33.50683,DailyLSTM
2016-09-24,29.359583333333333,28.751856,DailyLSTM
2016-09-25,23.0675,24.92739,DailyLSTM
2016-09-26,36.48708333333333,34.452415,DailyLSTM
2016-09-27,34.904166666666676,32.700058,DailyLSTM
2016-09-28,24.5925,23.717407,DailyLSTM
2016-09-29,22.438333333333336,24.8449,DailyLSTM
2016-09-30,33.717499999999994,29.374739,DailyLSTM
2016-10-01,33.134166666666665,28.737679,DailyLSTM
2016-10-02,30.02208333333333,22.730068,DailyLSTM
2016-10-03,30.5775,28.698126,DailyLSTM
2016-10-04,30.328333333333333,28.613352,DailyLSTM
2016-10-05,29.675416666666667,28.246878,DailyLSTM
2016-10-06,31.188333333333333,27.448086,DailyLSTM
2016-10-07,38.387083333333344,36.740757,DailyLSTM
2016-10-08,36.08166666666666,33.624226,DailyLSTM
2016-10-09,33.28875,34.606853,DailyLSTM
2016-10-10,50.1875,45.02836,DailyLSTM
2016-10-11,38.31333333333333,41.679085,DailyLSTM
2016-10-12,36.86708333333333,38.319733,DailyLSTM
2016-10-13,34.07458333333333,31.761812,DailyLSTM
2016-10-14,29.704583333333343,29.716028,DailyLSTM
2016-10-15,31.06,33.55405,DailyLSTM
2016-10-16,33.7,33.680912,DailyLSTM
2016-10-17,41.94416666666667,42.181187,DailyLSTM
2016-10-18,40.026666666666664,39.07643,DailyLSTM
2016-10-19,40.41125,39.81167,DailyLSTM
2016-10-20,40.51416666666667,42.144157,DailyLSTM
2016-10-21,39.57916666666668,38.90638,DailyLSTM
2016-10-22,37.754999999999995,33.714195,DailyLSTM
2016-10-23,34.71,32.26922,DailyLSTM
2016-10-24,41.920833333333356,42.901047,DailyLSTM
2016-10-25,52.86125000000001,46.80262,DailyLSTM
2016-10-26,45.17416666666665,45.637062,DailyLSTM
2016-10-27,39.59541666666666,37.827217,DailyLSTM
2016-10-28,35.95916666666667,33.080917,DailyLSTM
2016-10-29,34.384166666666665,35.132896,DailyLSTM
2016-10-30,36.71208333333333,39.784496,DailyLSTM
2016-10-31,43.06416666666667,45.0542,DailyLSTM
2016-11-01,34.74666666666667,31.051462,DailyLSTM
2016-11-02,33.03208333333333,30.170893,DailyLSTM
2016-11-03,45.59916666666668,42.108562,DailyLSTM
2016-11-04,40.354166666666664,38.597496,DailyLSTM
2016-11-05,38.862500000000004,36.226505,DailyLSTM
2016-11-06,35.45708333333334,35.24906,DailyLSTM
2016-11-07,38.012499999999996,41.07971,DailyLSTM
2016-11-08,54.24833333333334,52.10161,DailyLSTM
2016-11-09,48.29999999999999,48.486206,DailyLSTM
2016-11-10,51.77875,52.284454,DailyLSTM
2016-11-11,47.65624999999999,52.470184,DailyLSTM
2016-11-12,39.82375,38.154175,DailyLSTM
2016-11-13,37.037083333333335,35.377945,DailyLSTM
2016-11-14,39.85541666666667,34.67104,DailyLSTM
2016-11-15,40.13833333333333,34.803135,DailyLSTM
2016-11-16,43.02875000000001,33.80945,DailyLSTM
2016-11-17,33.961666666666666,32.687656,DailyLSTM
2016-11-18,24.174583333333334,24.405382,DailyLSTM
2016-11-19,31.55916666666667,20.751942,DailyLSTM
2016-11-20,-0.3158333333333329,8.378799,DailyLSTM
2016-11-21,33.826666666666675,32.793373,DailyLSTM
2016-11-22,38.33958333333333,41.55879,DailyLSTM
2016-11-23,45.38666666666666,51.320854,DailyLSTM
2016-11-24,39.725833333333334,44.474106,DailyLSTM
2016-11-25,42.72708333333333,43.787193,DailyLSTM
2016-11-26,38.63875,34.972385,DailyLSTM
2016-11-27,31.121250000000003,29.905436,DailyLSTM
2016-11-28,40.7775,41.617805,DailyLSTM
2016-11-29,42.80916666666667,36.816162,DailyLSTM
2016-11-30,36.01333333333334,34.471127,DailyLSTM
2016-12-01,27.625833333333336,29.198418,DailyLSTM
2016-12-02,38.60541666666666,39.90489,DailyLSTM
2016-12-03,40.985,43.864815,DailyLSTM
2016-12-04,38.25541666666667,33.830647,DailyLSTM
2016-12-05,48.85250000000001,52.431274,DailyLSTM
2016-12-06,58.33291666666668,52.75807,DailyLSTM
2016-12-07,37.93,44.448204,DailyLSTM
2016-12-08,30.419166666666666,31.865849,DailyLSTM
2016-12-09,35.846250000000005,38.426464,DailyLSTM
2016-12-10,32.197500000000005,32.989693,DailyLSTM
2016-12-11,28.975416666666664,23.71954,DailyLSTM
2016-12-12,47.45291666666666,46.62478,DailyLSTM
2016-12-13,49.19750000000001,45.845062,DailyLSTM
2016-12-14,60.05833333333333,49.26365,DailyLSTM
2016-12-15,49.84583333333333,41.297226,DailyLSTM
2016-12-16,53.05958333333333,43.25448,DailyLSTM
2016-12-17,46.79166666666666,42.023254,DailyLSTM
2016-12-18,43.69291666666666,36.73354,DailyLSTM
2016-12-19,57.40708333333333,52.826694,DailyLSTM
2016-12-20,48.824999999999996,47.992798,DailyLSTM
2016-12-21,40.05375000000001,40.278446,DailyLSTM
2016-12-22,45.23375000000001,43.00887,DailyLSTM
2016-12-23,38.16958333333334,35.595776,DailyLSTM
2016-12-24,8.452499999999999,11.9913025,DailyLSTM
2016-12-25,-2.6950000000000003,1.1177673,DailyLSTM
2016-12-26,-12.247916666666667,2.5748558,DailyLSTM
2016-12-27,4.480416666666667,15.126732,DailyLSTM
2016-12-28,41.30291666666667,29.485823,DailyLSTM
2016-12-29,46.437916666666666,37.638718,DailyLSTM
2016-12-30,41.992916666666666,39.388874,DailyLSTM
2016-12-31,36.2775,25.23489,DailyLSTM
2017-01-01,29.378749999999997,23.197466,DailyLSTM
2017-01-02,46.24583333333334,44.211,DailyLSTM
2017-01-03,38.63374999999999,29.849161,DailyLSTM
2017-01-04,27.05458333333333,25.062693,DailyLSTM
2017-01-05,49.96083333333332,53.014103,DailyLSTM
2017-01-06,49.554166666666674,44.725723,DailyLSTM
2017-01-07,38.52333333333333,38.16097,DailyLSTM
2017-01-08,42.64125,45.45121,DailyLSTM
2017-01-09,55.91916666666666,44.98208,DailyLSTM
2017-01-10,54.60583333333333,47.48197,DailyLSTM
2017-01-11,35.9175,33.04248,DailyLSTM
2017-01-12,34.17666666666667,31.39577,DailyLSTM
2017-01-13,39.79625000000001,33.69269,DailyLSTM
2017-01-14,33.32999999999999,29.358118,DailyLSTM
2017-01-15,35.61708333333333,34.609875,DailyLSTM
2017-01-16,80.27708333333332,54.34132,DailyLSTM
2017-01-17,85.37333333333333,55.73728,DailyLSTM
2017-01-18,69.73583333333333,53.674805,DailyLSTM
2017-01-19,66.85791666666667,55.83882,DailyLSTM
2017-01-20,62.88374999999999,52.787086,DailyLSTM
2017-01-21,48.26041666666666,46.972523,DailyLSTM
2017-01-22,41.355416666666656,47.71289,DailyLSTM
2017-01-23,75.63624999999999,53.17252,DailyLSTM
2017-01-24,101.92166666666668,63.74585,DailyLSTM
2017-01-25,86.0075,60.651894,DailyLSTM
2017-01-26,48.96541666666667,49.716743,DailyLSTM
2017-01-27,43.78958333333333,42.946777,DailyLSTM
2017-01-28,42.39166666666667,37.077698,DailyLSTM
2017-01-29,37.64916666666667,32.991013,DailyLSTM
2017-01-30,51.91916666666666,61.730774,DailyLSTM
2017-01-31,69.1825,77.76982,DailyLSTM
2017-02-01,51.298750000000005,64.746605,DailyLSTM
2017-02-02,44.88083333333333,52.165104,DailyLSTM
2017-02-03,48.15416666666667,47.762108,DailyLSTM
2017-02-04,45.29916666666666,42.312683,DailyLSTM
2017-02-05,43.51291666666666,51.046333,DailyLSTM
2017-02-06,61.78625,53.554874,DailyLSTM
2017-02-07,53.41666666666666,47.027042,DailyLSTM
2017-02-08,59.662083333333335,49.18847,DailyLSTM
2017-02-09,57.922083333333326,49.63821,DailyLSTM
2017-02-10,44.859166666666674,36.977116,DailyLSTM
2017-02-11,38.54833333333333,36.303402,DailyLSTM
2017-02-12,33.125833333333325,30.622808,DailyLSTM
2017-02-13,42.33375,40.448586,DailyLSTM
2017-02-14,42.981249999999996,46.5543,DailyLSTM
2017-02-15,47.32041666666667,47.428524,DailyLSTM
2017-02-16,40.62499999999999,37.73151,DailyLSTM
2017-02-17,43.02166666666667,41.18411,DailyLSTM
2017-02-18,40.19208333333333,40.80915,DailyLSTM
2017-02-19,28.41666666666666,28.494595,DailyLSTM
2017-02-20,31.19791666666667,27.74606,DailyLSTM
2017-02-21,32.677499999999995,27.554096,DailyLSTM
2017-02-22,24.14166666666667,26.052097,DailyLSTM
2017-02-23,25.59875,27.663212,DailyLSTM
2017-02-24,28.746249999999993,21.746012,DailyLSTM
2017-02-25,29.72583333333333,21.74413,DailyLSTM
2017-02-26,13.570833333333335,10.256838,DailyLSTM
2017-02-27,28.953333333333333,25.658806,DailyLSTM
2017-02-28,29.67583333333333,25.5598,DailyLSTM
2017-03-01,35.63166666666667,31.130632,DailyLSTM
2017-03-02,27.34833333333334,26.9582,DailyLSTM
2017-03-03,38.26624999999999,33.186684,DailyLSTM
2017-03-04,33.845000000000006,35.035206,DailyLSTM
2017-03-05,17.842083333333335,24.857313,DailyLSTM
2017-03-06,38.83749999999999,39.124096,DailyLSTM
2017-03-07,44.504999999999995,47.184444,DailyLSTM
2017-03-08,36.41458333333333,34.85543,DailyLSTM
2017-03-09,38.22291666666667,39.13009,DailyLSTM
2017-03-10,33.55833333333333,34.168476,DailyLSTM
2017-03-11,32.94541666666667,34.12908,DailyLSTM
2017-03-12,18.764166666666664,25.61354,DailyLSTM
2017-03-13,36.312083333333334,41.224934,DailyLSTM
2017-03-14,34.557083333333345,32.108116,DailyLSTM
2017-03-15,33.67250000000001,35.45479,DailyLSTM
2017-03-16,34.41583333333333,34.166637,DailyLSTM
2017-03-17,28.485,28.818846,DailyLSTM
2017-03-18,19.671666666666667,20.34888,DailyLSTM
2017-03-19,13.567499999999997,15.504663,DailyLSTM
2017-03-20,29.059583333333336,23.172863,DailyLSTM
2017-03-21,30.46875,26.884789,DailyLSTM
2017-03-22,35.49833333333333,33.23162,DailyLSTM
2017-03-23,34.165,33.315235,DailyLSTM
2017-03-24,34.285833333333336,33.43012,DailyLSTM
2017-03-25,28.35375000000001,25.526188,DailyLSTM
2017-03-26,27.941666666666663,25.601343,DailyLSTM
2017-03-27,34.96041666666666,37.13107,DailyLSTM
2017-03-28,34.48208333333333,36.06829,DailyLSTM
2017-03-29,31.224583333333328,27.140013,DailyLSTM
2017-03-30,33.62041666666667,35.264755,DailyLSTM
2017-03-31,31.642916666666665,28.150877,DailyLSTM
2017-04-01,30.38083333333334,31.81209,DailyLSTM
2017-04-02,29.55083333333333,19.901264,DailyLSTM
2017-04-03,37.705,43.169247,DailyLSTM
2017-04-04,38.64750000000001,37.706978,DailyLSTM
2017-04-05,32.68791666666666,29.480494,DailyLSTM
2017-04-06,29.98999999999999,27.817383,DailyLSTM
2017-04-07,33.83083333333334,31.23882,DailyLSTM
2017-04-08,34.47625,35.05056,DailyLSTM
2017-04-09,28.227500000000006,23.559694,DailyLSTM
2017-04-10,27.374166666666667,25.281258,DailyLSTM
2017-04-11,33.51125,32.187824,DailyLSTM
2017-04-12,27.684583333333336,28.110798,DailyLSTM
2017-04-13,29.27,25.207546,DailyLSTM
2017-04-14,30.293750000000003,28.736551,DailyLSTM
2017-04-15,14.603749999999998,16.697958,DailyLSTM
2017-04-16,18.565833333333334,16.434093,DailyLSTM
2017-04-17,25.297083333333337,25.853819,DailyLSTM
2017-04-18,34.30291666666667,30.962624,DailyLSTM
2017-04-19,37.027499999999996,35.334736,DailyLSTM
2017-04-20,37.18458333333334,38.187565,DailyLSTM
2017-04-21,27.689166666666665,28.948294,DailyLSTM
2017-04-22,12.267083333333332,11.002729,DailyLSTM
2017-04-23,11.163333333333332,10.484207,DailyLSTM
2017-04-24,31.11333333333333,19.899477,DailyLSTM
2017-04-25,36.196666666666665,40.085476,DailyLSTM
2017-04-26,39.908750000000005,42.09725,DailyLSTM
2017-04-27,36.785,36.254093,DailyLSTM
2017-04-28,36.870416666666664,36.13368,DailyLSTM
2017-04-29,30.233333333333324,28.598774,DailyLSTM
2017-04-30,-6.741666666666667,14.349405,DailyLSTM
2017-05-01,-24.271250000000006,9.857834,DailyLSTM
2017-05-02,28.869583333333342,27.374807,DailyLSTM
2017-05-03,34.49333333333333,31.006554,DailyLSTM
2017-05-04,32.78458333333334,28.162075,DailyLSTM
2017-05-05,38.045833333333334,37.463593,DailyLSTM
2017-05-06,32.77625,30.691856,DailyLSTM
2017-05-07,28.045416666666657,28.861069,DailyLSTM
2017-05-08,33.512499999999996,33.85824,DailyLSTM
2017-05-09,39.755,38.860447,DailyLSTM
2017-05-10,38.83125,37.493927,DailyLSTM
2017-05-11,33.92583333333334,36.165146,DailyLSTM
2017-05-12,35.62333333333333,32.662975,DailyLSTM
2017-05-13,31.985,33.635784,DailyLSTM
2017-05-14,28.029166666666665,28.345926,DailyLSTM
2017-05-15,36.433333333333344,37.300102,DailyLSTM
2017-05-16,34.22958333333333,36.34693,DailyLSTM
2017-05-17,32.51875,34.813423,DailyLSTM
2017-05-18,32.737500000000004,34.15002,DailyLSTM
2017-05-19,34.467499999999994,33.18393,DailyLSTM
2017-05-20,26.465833333333336,29.613182,DailyLSTM
2017-05-21,18.775000000000002,24.656816,DailyLSTM
2017-05-22,36.05208333333334,33.544724,DailyLSTM
2017-05-23,33.473333333333336,32.912457,DailyLSTM
2017-05-24,32.21875000000001,30.625576,DailyLSTM
2017-05-25,27.89583333333334,28.877287,DailyLSTM
2017-05-26,32.52041666666668,34.9384,DailyLSTM
2017-05-27,27.017916666666668,25.677576,DailyLSTM
2017-05-28,20.363333333333333,22.117542,DailyLSTM
2017-05-29,36.90708333333333,35.204796,DailyLSTM
2017-05-30,36.83500000000001,33.10796,DailyLSTM
2017-05-31,32.95875,33.10118,DailyLSTM
2017-06-01,36.26125,36.61701,DailyLSTM
2017-06-02,36.446666666666665,35.190132,DailyLSTM
2017-06-03,30.504583333333333,29.188404,DailyLSTM
2017-06-04,22.762083333333333,26.584885,DailyLSTM
2017-06-05,27.956249999999997,31.648037,DailyLSTM
2017-06-06,21.530416666666667,29.227713,DailyLSTM
2017-06-07,13.312916666666666,8.277607,DailyLSTM
2017-06-08,28.78833333333333,26.10761,DailyLSTM
2017-06-09,33.37875000000001,29.662054,DailyLSTM
2017-06-10,31.03,30.11892,DailyLSTM
2017-06-11,20.913749999999997,17.42499,DailyLSTM
2017-06-12,24.691249999999997,25.100014,DailyLSTM
2017-06-13,32.75208333333334,31.51976,DailyLSTM
2017-06-14,37.41791666666666,36.80884,DailyLSTM
2017-06-15,32.19375,31.538324,DailyLSTM
2017-06-16,20.195416666666663,23.403713,DailyLSTM
2017-06-17,24.474166666666672,22.319769,DailyLSTM
2017-06-18,28.751250000000002,25.13922,DailyLSTM
2017-06-19,38.076249999999995,40.210155,DailyLSTM
2017-06-20,35.55666666666668,37.65025,DailyLSTM
2017-06-21,39.529999999999994,42.909985,DailyLSTM
2017-06-22,35.57041666666667,34.655853,DailyLSTM
2017-06-23,29.950833333333335,30.589891,DailyLSTM
2017-06-24,22.150833333333328,23.076115,DailyLSTM
2017-06-25,18.625416666666663,14.730179,DailyLSTM
2017-06-26,33.03333333333333,35.377285,DailyLSTM
2017-06-27,38.84791666666667,34.595257,DailyLSTM
2017-06-28,35.281666666666666,34.46031,DailyLSTM
2017-06-29,38.07708333333333,36.43243,DailyLSTM
2017-06-30,31.987083333333334,31.422504,DailyLSTM
2017-07-01,28.444999999999997,24.072977,DailyLSTM
2017-07-02,24.175,18.671688,DailyLSTM
2017-07-03,32.42125,31.600573,DailyLSTM
2017-07-04,34.88708333333333,36.149437,DailyLSTM
2017-07-05,38.83541666666665,37.39566,DailyLSTM
2017-07-06,39.35750000000001,36.571278,DailyLSTM
2017-07-07,37.32125,36.299236,DailyLSTM
2017-07-08,34.40208333333333,30.302254,DailyLSTM
2017-07-09,33.13166666666666,29.266937,DailyLSTM
2017-07-10,40.053333333333335,43.54389,DailyLSTM
2017-07-11,36.575,41.726494,DailyLSTM
2017-07-12,34.64125000000001,38.644535,DailyLSTM
2017-07-13,33.86708333333333,35.0867,DailyLSTM
2017-07-14,36.81333333333333,37.64864,DailyLSTM
2017-07-15,32.49666666666667,32.17613,DailyLSTM
2017-07-16,30.421666666666663,26.752108,DailyLSTM
2017-07-17,37.45041666666667,38.05268,DailyLSTM
2017-07-18,37.65583333333334,36.16865,DailyLSTM
2017-07-19,35.910833333333336,37.868988,DailyLSTM
2017-07-20,37.232499999999995,38.86221,DailyLSTM
2017-07-21,35.925000000000004,35.09405,DailyLSTM
2017-07-22,33.3225,27.75423,DailyLSTM
2017-07-23,28.7675,25.782883,DailyLSTM
2017-07-24,39.33708333333333,39.049034,DailyLSTM
2017-07-25,34.143750000000004,33.787323,DailyLSTM
2017-07-26,32.795833333333334,32.998558,DailyLSTM
2017-07-27,33.74166666666667,35.12496,DailyLSTM
2017-07-28,31.360416666666662,32.096535,DailyLSTM
2017-07-29,20.434583333333332,26.537958,DailyLSTM
2017-07-30,5.149166666666667,13.530834,DailyLSTM
2017-07-31,32.210833333333326,36.040215,DailyLSTM
2017-08-01,34.73708333333334,33.434387,DailyLSTM
2017-08-02,33.049166666666665,34.827793,DailyLSTM
2017-08-03,28.0725,27.358513,DailyLSTM
2017-08-04,24.55666666666667,25.08628,DailyLSTM
2017-08-05,27.993749999999995,24.247997,DailyLSTM
2017-08-06,19.534166666666668,23.044018,DailyLSTM
2017-08-07,33.26416666666667,31.040997,DailyLSTM
2017-08-08,31.2925,31.520174,DailyLSTM
2017-08-09,30.27291666666667,31.434828,DailyLSTM
2017-08-10,35.50791666666667,38.317326,DailyLSTM
2017-08-11,37.73125000000001,38.819767,DailyLSTM
2017-08-12,21.675833333333333,26.453053,DailyLSTM
2017-08-13,20.142916666666668,20.40337,DailyLSTM
2017-08-14,33.08083333333334,31.913761,DailyLSTM
2017-08-15,26.629166666666666,30.117172,DailyLSTM
2017-08-16,35.885416666666664,30.915142,DailyLSTM
2017-08-17,33.47666666666667,32.989063,DailyLSTM
2017-08-18,33.68333333333334,33.40719,DailyLSTM
2017-08-19,14.722500000000002,23.019405,DailyLSTM
2017-08-20,8.703333333333335,11.755827,DailyLSTM
2017-08-21,29.295833333333338,31.166483,DailyLSTM
2017-08-22,37.21916666666667,32.715313,DailyLSTM
2017-08-23,36.56791666666667,34.33402,DailyLSTM
2017-08-24,35.64791666666667,34.06853,DailyLSTM
2017-08-25,37.84916666666667,35.778595,DailyLSTM
2017-08-26,34.3275,30.050163,DailyLSTM
2017-08-27,30.447500000000005,24.533615,DailyLSTM
2017-08-28,38.66458333333334,39.606857,DailyLSTM
2017-08-29,37.620000000000005,35.096897,DailyLSTM
2017-08-30,36.18874999999999,35.04466,DailyLSTM
2017-08-31,38.459583333333335,36.66862,DailyLSTM
2017-09-01,38.79791666666667,40.649494,DailyLSTM
2017-09-02,33.928333333333335,35.214626,DailyLSTM
2017-09-03,30.826249999999987,31.050356,DailyLSTM
2017-09-04,36.550000000000004,37.362442,DailyLSTM
2017-09-05,37.66375,36.831806,DailyLSTM
2017-09-06,31.871249999999993,34.584896,DailyLSTM
2017-09-07,33.40291666666667,33.025955,DailyLSTM
2017-09-08,27.24208333333334,30.849916,DailyLSTM
2017-09-09,32.15416666666667,29.050875,DailyLSTM
2017-09-10,22.966666666666665,24.879013,DailyLSTM
2017-09-11,21.47,16.102156,DailyLSTM
2017-09-12,29.43291666666666,24.12898,DailyLSTM
2017-09-13,13.605000000000002,13.846039,DailyLSTM
2017-09-14,22.693749999999998,19.365055,DailyLSTM
2017-09-15,35.02583333333333,30.248478,DailyLSTM
2017-09-16,37.02833333333333,31.96789,DailyLSTM
2017-09-17,33.387499999999996,27.827206,DailyLSTM
2017-09-18,42.07333333333333,43.326633,DailyLSTM
2017-09-19,41.334583333333335,45.123737,DailyLSTM
2017-09-20,39.149166666666666,43.056377,DailyLSTM
2017-09-21,39.25833333333333,44.03321,DailyLSTM
2017-09-22,40.0725,40.857597,DailyLSTM
2017-09-23,36.24208333333334,35.008007,DailyLSTM
2017-09-24,34.947500000000005,33.56145,DailyLSTM
2017-09-25,42.36333333333334,40.709297,DailyLSTM
2017-09-26,40.44374999999999,41.63372,DailyLSTM
2017-09-27,40.88208333333333,39.130417,DailyLSTM
2017-09-28,40.300000000000004,42.8837,DailyLSTM
2017-09-29,39.721250000000005,37.040077,DailyLSTM
2017-09-30,35.623749999999994,36.162533,DailyLSTM
2017-10-01,29.806666666666672,31.165773,DailyLSTM
2017-10-02,18.305000000000003,24.178814,DailyLSTM
2017-10-03,24.483750000000004,16.635746,DailyLSTM
2017-10-04,28.609583333333333,20.992264,DailyLSTM
2017-10-05,18.025833333333328,20.660576,DailyLSTM
2017-10-06,27.252916666666668,27.09877,DailyLSTM
2017-10-07,7.547916666666669,16.38566,DailyLSTM
2017-10-08,23.450000000000003,21.839523,DailyLSTM
2017-10-09,42.38708333333333,37.859314,DailyLSTM
2017-10-10,37.32125,33.216866,DailyLSTM
2017-10-11,34.25541666666667,33.229355,DailyLSTM
2017-10-12,25.380000000000006,28.944344,DailyLSTM
2017-10-13,39.552083333333336,35.075577,DailyLSTM
2017-10-14,31.499166666666667,32.55726,DailyLSTM
2017-10-15,30.74666666666666,25.996199,DailyLSTM
2017-10-16,38.550000000000004,35.734142,DailyLSTM
2017-10-17,37.53833333333333,38.6775,DailyLSTM
2017-10-18,52.5525,46.48665,DailyLSTM
2017-10-19,46.34833333333332,44.98356,DailyLSTM
2017-10-20,37.76125,35.33908,DailyLSTM
2017-10-21,34.24,33.451603,DailyLSTM
2017-10-22,21.85375,21.184383,DailyLSTM
2017-10-23,41.41666666666667,40.316696,DailyLSTM
2017-10-24,38.125,41.918087,DailyLSTM
2017-10-25,33.774166666666666,35.692455,DailyLSTM
2017-10-26,40.43416666666666,37.7529,DailyLSTM
2017-10-27,30.451249999999987,33.33069,DailyLSTM
2017-10-28,-9.3025,8.231329,DailyLSTM
2017-10-29,-50.82500000000001,-0.92583466,DailyLSTM
2017-10-30,31.942083333333333,19.84948,DailyLSTM
2017-10-31,36.96125000000001,44.08803,DailyLSTM
2017-11-01,30.899166666666662,31.719915,DailyLSTM
2017-11-02,34.07416666666667,33.37607,DailyLSTM
2017-11-03,50.43666666666667,47.403465,DailyLSTM
2017-11-04,34.532916666666665,31.059395,DailyLSTM
2017-11-05,30.40666666666667,29.832722,DailyLSTM
2017-11-06,51.01666666666665,40.493744,DailyLSTM
2017-11-07,52.541666666666664,54.40033,DailyLSTM
2017-11-08,67.24958333333332,64.66092,DailyLSTM
2017-11-09,51.52541666666665,55.57164,DailyLSTM
2017-11-10,31.515000000000004,31.194685,DailyLSTM
2017-11-11,23.2375,25.38129,DailyLSTM
2017-11-12,33.247499999999995,31.771992,DailyLSTM
2017-11-13,45.73499999999999,46.07585,DailyLSTM
2017-11-14,40.17541666666667,41.66604,DailyLSTM
2017-11-15,64.6725,55.49701,DailyLSTM
2017-11-16,47.54666666666666,73.32297,DailyLSTM
2017-11-17,42.89458333333334,49.211227,DailyLSTM
2017-11-18,19.758749999999996,21.174656,DailyLSTM
2017-11-19,9.42,5.986244,DailyLSTM
2017-11-20,38.48083333333333,30.65907,DailyLSTM
2017-11-21,49.29833333333334,41.51189,DailyLSTM
2017-11-22,31.71541666666667,34.14836,DailyLSTM
2017-11-23,23.362499999999997,26.375736,DailyLSTM
2017-11-24,42.72666666666667,44.60573,DailyLSTM
2017-11-25,40.028333333333336,38.96566,DailyLSTM
2017-11-26,18.81,12.596472,DailyLSTM
2017-11-27,29.207916666666666,27.15796,DailyLSTM
2017-11-28,37.41541666666667,36.107845,DailyLSTM
2017-11-29,71.50166666666665,52.739334,DailyLSTM
2017-11-30,67.56583333333333,63.168762,DailyLSTM
2017-12-01,61.02541666666667,58.556656,DailyLSTM
2017-12-02,40.274166666666666,42.196438,DailyLSTM
2017-12-03,33.30541666666667,31.982052,DailyLSTM
2017-12-04,34.879583333333336,37.825237,DailyLSTM
2017-12-05,35.910416666666656,33.22903,DailyLSTM
2017-12-06,31.251666666666676,29.86898,DailyLSTM
2017-12-07,34.14333333333334,25.327524,DailyLSTM
2017-12-08,30.655833333333337,33.11466,DailyLSTM
2017-12-09,15.733750000000002,18.142197,DailyLSTM
2017-12-10,17.48375,17.275963,DailyLSTM
2017-12-11,41.666666666666664,37.732635,DailyLSTM
2017-12-12,34.34833333333334,38.653316,DailyLSTM
2017-12-13,26.875,33.723858,DailyLSTM
2017-12-14,31.008333333333344,37.398506,DailyLSTM
2017-12-15,46.25874999999999,53.28586,DailyLSTM
2017-12-16,37.44416666666666,38.039658,DailyLSTM
2017-12-17,35.333749999999995,36.896034,DailyLSTM
2017-12-18,55.41833333333332,50.53127,DailyLSTM
2017-12-19,60.67124999999999,69.961716,DailyLSTM
2017-12-20,61.83041666666667,70.23047,DailyLSTM
2017-12-21,43.041666666666664,53.20588,DailyLSTM
2017-12-22,39.487500000000004,43.419716,DailyLSTM
2017-12-23,11.253749999999998,15.278208,DailyLSTM
2017-12-24,-11.782500000000004,-0.2143135,DailyLSTM
2017-12-25,6.796666666666668,9.608557,DailyLSTM
2017-12-26,-4.592083333333332,-2.9591713,DailyLSTM
2017-12-27,35.167500000000004,37.556747,DailyLSTM
2017-12-28,32.48499999999999,30.142855,DailyLSTM
2017-12-29,20.868333333333332,25.14967,DailyLSTM
2017-12-30,12.890833333333333,9.093733,DailyLSTM
2017-12-31,2.6024999999999996,-2.2341347,DailyLSTM
