feature,shap_value,feature_value
price_D-1_h00,0.15245834538417133,39.1
price_D-1_h01,0.11552161998185322,38.28
price_D-1_h02,0.10483652771485166,39.43
price_D-1_h03,0.09573355845113526,37.29
price_D-1_h04,0.032153325865662455,36.65
price_D-1_h05,0.18914459608480833,44.84
price_D-1_h06,0.05163410665199619,69.97
price_D-1_h07,0.11003159125391801,98.45
price_D-1_h08,0.01717089693677052,95.83
price_D-1_h09,0.011241954311345559,99.99
price_D-1_h10,0.018080266629126793,99.36
price_D-1_h11,0.01873056948351222,87.42
price_D-1_h12,0.03157236677476153,83.43
price_D-1_h13,0.5945384895865237,81.81
price_D-1_h14,0.09853410064632781,85.1
price_D-1_h15,1.0389250669261323,82.84
price_D-1_h16,0.6015386271945925,91.14
price_D-1_h17,0.4053846238836891,109.98
price_D-1_h18,0.1991328461829977,128.4
price_D-1_h19,0.5974517990819361,103.87
price_D-1_h20,1.1835864538880425,84.55
price_D-1_h21,0.6036302586112171,69.4
price_D-1_h22,0.624242941746418,65.06
price_D-1_h23,1.1334690237125216,43.08
price_D-2_h00,0.1180285862991808,38.6
price_D-2_h01,0.06462340566794549,38.22
price_D-2_h02,0.04582613192105228,38.6
price_D-2_h03,0.04279714272741788,37.43
price_D-2_h04,0.043719102976607825,38.27
price_D-2_h05,-0.002673899109663437,37.83
price_D-2_h06,0.0011491754114093813,35.97
price_D-2_h07,0.007990177347704816,39.24
price_D-2_h08,0.013955140152276651,37.76
price_D-2_h09,-0.0006407322559999227,39.26
price_D-2_h10,0.007501413530480105,38.03
price_D-2_h11,0.0015980807252857292,38.16
price_D-2_h12,0.007647680699930805,37.07
price_D-2_h13,-0.0005196068972189759,36.03
price_D-2_h14,0.002083606036648288,37.32
price_D-2_h15,0.005582838913665067,38.29
price_D-2_h16,-0.0003996689523331486,44.06
price_D-2_h17,0.0129670337576664,61.92
price_D-2_h18,0.002883967268317582,57.72
price_D-2_h19,0.018910572857304398,57.38
price_D-2_h20,0.003088296980657138,46.0
price_D-2_h21,-0.0029091311445067275,39.39
price_D-2_h22,0.04409622030504052,44.05
price_D-2_h23,0.08753946513961842,35.93
price_D-3_h00,0.09507588119489305,45.9
price_D-3_h01,-0.0015022389754455892,39.34
price_D-3_h02,0.02732802711481532,40.99
price_D-3_h03,0.012694843512039377,44.04
price_D-3_h04,-0.0031023226333962224,43.07
price_D-3_h05,-0.012028484670042307,41.56
price_D-3_h06,-0.008484619772158064,40.62
price_D-3_h07,0.019814693358716162,43.93
price_D-3_h08,-0.013865565110562089,50.99
price_D-3_h09,-0.010462627148783378,54.98
price_D-3_h10,0.0006703054212772032,53.05
price_D-3_h11,0.00846499795258081,48.34
price_D-3_h12,0.016118500131549075,45.89
price_D-3_h13,0.0052229985323855805,43.3
price_D-3_h14,0.0010302855222409481,44.0
price_D-3_h15,0.0005199402105963291,47.56
price_D-3_h16,0.0042113217410739414,61.94
price_D-3_h17,0.0028979678868200714,65.91
price_D-3_h18,0.012829128436239472,65.01
price_D-3_h19,-0.004117873838836759,62.92
price_D-3_h20,0.0028737336316997887,47.01
price_D-3_h21,0.0004397719030485379,44.03
price_D-3_h22,0.0054325554488164115,44.33
price_D-3_h23,0.07614540451772937,39.54
price_D-7_h00,0.011952379933131634,45.83
price_D-7_h01,0.00965796655773475,41.64
price_D-7_h02,0.01643161575072177,34.61
price_D-7_h03,0.012704020439273872,36.28
price_D-7_h04,0.006513788512951053,35.25
price_D-7_h05,0.023307294500087682,39.94
price_D-7_h06,0.10453145147392573,58.29
price_D-7_h07,0.545077338194829,111.04
price_D-7_h08,0.29600891336332597,121.67
price_D-7_h09,0.062191196125145,125.61
price_D-7_h10,-0.0069356696382607335,121.49
price_D-7_h11,-0.0170029774598538,117.34
price_D-7_h12,-0.017275785633366337,106.15
price_D-7_h13,0.09538848805617069,101.91
price_D-7_h14,0.23162810682585724,100.03
price_D-7_h15,0.4391731034439948,103.42
price_D-7_h16,0.031254107601991155,110.91
price_D-7_h17,0.09120509120045202,142.78
price_D-7_h18,0.0769617069905428,143.09
price_D-7_h19,0.18147124382202556,124.94
price_D-7_h20,0.3400300422765862,84.97
price_D-7_h21,0.1013574028433825,55.08
price_D-7_h22,0.02339185643844515,48.95
price_D-7_h23,0.03880994572826339,37.74
exog_1_D-1_h00,0.0019455258257810738,19378.0
exog_1_D-1_h01,-0.008612730373879923,18790.75
exog_1_D-1_h02,0.0019681690946020793,18630.0
exog_1_D-1_h03,-0.004660839303750354,18732.75
exog_1_D-1_h04,-0.009128795647243445,19136.5
exog_1_D-1_h05,-0.0278560638563088,20022.0
exog_1_D-1_h06,-0.01593199454324435,22842.75
exog_1_D-1_h07,-0.0032444956188827203,25346.75
exog_1_D-1_h08,-0.008746153344148725,26560.75
exog_1_D-1_h09,-0.017317084217465778,26522.0
exog_1_D-1_h10,-0.005336993362660909,26621.5
exog_1_D-1_h11,-0.009956425146459225,26757.25
exog_1_D-1_h12,-0.009916159761026824,26942.0
exog_1_D-1_h13,-0.011501211753549782,26766.25
exog_1_D-1_h14,-0.006618875935566984,26368.0
exog_1_D-1_h15,-0.005222261358850644,26125.0
exog_1_D-1_h16,-0.005737467545247137,25832.5
exog_1_D-1_h17,0.040015704012321546,26896.0
exog_1_D-1_h18,0.007568864645601562,27131.5
exog_1_D-1_h19,-0.0011114871053010018,26618.0
exog_1_D-1_h20,0.00764433701226604,25139.0
exog_1_D-1_h21,0.0013878801715505077,23976.25
exog_1_D-1_h22,0.05328654506942683,22963.25
exog_1_D-1_h23,0.016990047850123837,21600.75
exog_1_D-7_h00,-0.023337087751283014,19811.25
exog_1_D-7_h01,-0.007049234590813351,19247.25
exog_1_D-7_h02,-0.013373804747596455,18942.0
exog_1_D-7_h03,0.00021855328724856222,18965.0
exog_1_D-7_h04,-0.00796848557487802,19231.0
exog_1_D-7_h05,-0.003076366956496174,20193.5
exog_1_D-7_h06,0.02616053730807863,22961.5
exog_1_D-7_h07,0.012917964162355926,25023.0
exog_1_D-7_h08,0.013219680231212958,25733.5
exog_1_D-7_h09,0.007607283346537425,25698.25
exog_1_D-7_h10,0.02006743240179387,26012.75
exog_1_D-7_h11,0.002953499761680939,26279.75
exog_1_D-7_h12,0.004897154436849692,26347.0
exog_1_D-7_h13,0.015619484202140377,26244.5
exog_1_D-7_h14,0.030781350073552753,25918.25
exog_1_D-7_h15,0.007819643761275022,25709.0
exog_1_D-7_h16,0.015115889784650453,25541.0
exog_1_D-7_h17,0.02415342838646574,26854.5
exog_1_D-7_h18,0.008891809775130908,27053.0
exog_1_D-7_h19,0.01890019416566187,26203.25
exog_1_D-7_h20,0.009946546398514746,24701.0
exog_1_D-7_h21,0.02569500563604428,23755.0
exog_1_D-7_h22,0.02632064407225184,22666.25
exog_1_D-7_h23,-0.01304997056378141,21106.0
exog_1_D0_h00,-0.02341912563110365,20825.25
exog_1_D0_h01,-0.010301915450334665,20168.75
exog_1_D0_h02,-0.010576851705066824,19947.75
exog_1_D0_h03,-0.029601314189392134,20025.25
exog_1_D0_h04,-0.04048074369969076,20303.0
exog_1_D0_h05,-0.01124445107141774,20949.0
exog_1_D0_h06,0.16833400563631873,23398.0
exog_1_D0_h07,0.977549981271223,25712.5
exog_1_D0_h08,0.24984641268886626,26826.5
exog_1_D0_h09,0.09231387727525435,26711.5
exog_1_D0_h10,0.19935164202085953,26836.5
exog_1_D0_h11,0.024609901687493878,26962.25
exog_1_D0_h12,0.013871103808021113,27191.75
exog_1_D0_h13,0.3060301323532787,27015.5
exog_1_D0_h14,0.35160636434644227,26560.25
exog_1_D0_h15,0.26530386254124466,26316.5
exog_1_D0_h16,0.24339560260337348,26071.5
exog_1_D0_h17,0.3083308048177189,27106.5
exog_1_D0_h18,0.10718923878235356,27327.75
exog_1_D0_h19,0.18579946121052504,26774.75
exog_1_D0_h20,0.23622636244135115,25305.75
exog_1_D0_h21,0.14169229443197637,24131.0
exog_1_D0_h22,0.05190396401256708,23043.5
exog_1_D0_h23,0.002765870201784453,21700.5
exog_2_D-1_h00,-0.012710259264271896,1903.8665
exog_2_D-1_h01,-0.0017133678094145366,2044.5975
exog_2_D-1_h02,-0.01229075693917559,2162.245
exog_2_D-1_h03,-0.00042509025889362,2274.2155
exog_2_D-1_h04,0.006379545020692341,2389.282
exog_2_D-1_h05,-0.003074937360351223,2490.433
exog_2_D-1_h06,-0.0009618753012434753,2644.2695
exog_2_D-1_h07,-0.021457545077785783,2758.03925
exog_2_D-1_h08,-0.010321028942111883,3330.694
exog_2_D-1_h09,-0.011161719227027547,5107.51825
exog_2_D-1_h10,-0.007800949656934628,6971.162
exog_2_D-1_h11,-0.0059472760146383795,8124.1785
exog_2_D-1_h12,-0.0045656543678922875,8431.87625
exog_2_D-1_h13,-0.0018689438008139484,8078.2425
exog_2_D-1_h14,-0.005532948628289164,6946.05725
exog_2_D-1_h15,-0.011473884052732211,5320.5245
exog_2_D-1_h16,-0.023807700677426737,4086.63325
exog_2_D-1_h17,-0.021632336166698015,3979.401
exog_2_D-1_h18,-0.0062555266470234695,4273.604
exog_2_D-1_h19,0.010850026438194693,4414.396
exog_2_D-1_h20,0.0238057207289971,4385.231
exog_2_D-1_h21,0.01335007327485894,4378.03125
exog_2_D-1_h22,0.0022511825299964404,4343.291
exog_2_D-1_h23,0.011184065968453985,4304.027
exog_2_D-7_h00,-0.006930820444061164,3270.72675
exog_2_D-7_h01,-8.42747049306899e-05,3131.43875
exog_2_D-7_h02,-0.0034321013243621126,3017.758
exog_2_D-7_h03,-0.003170872002826311,2882.9190000000003
exog_2_D-7_h04,-0.012788571557457207,2771.5225
exog_2_D-7_h05,-0.007514816039018629,2609.47
exog_2_D-7_h06,-0.015306225719505191,2448.16375
exog_2_D-7_h07,-0.009294572806877392,2280.048
exog_2_D-7_h08,-0.00809916503500162,2257.21425
exog_2_D-7_h09,-0.05097612566812325,2976.791
exog_2_D-7_h10,-0.008521871637274263,4078.36275
exog_2_D-7_h11,-0.042587981075320525,4950.0395
exog_2_D-7_h12,0.00034077481846693394,5289.348
exog_2_D-7_h13,-0.01496786267028284,5034.43675
exog_2_D-7_h14,-0.009199335575030014,4317.82075
exog_2_D-7_h15,-0.011478143655511612,3289.42375
exog_2_D-7_h16,-0.013340270387866188,2492.66275
exog_2_D-7_h17,-0.009867109218465854,2648.9775
exog_2_D-7_h18,-0.02174675186831183,3004.583
exog_2_D-7_h19,-0.0014646367094064093,3251.396
exog_2_D-7_h20,-0.004388755166138131,3384.8585
exog_2_D-7_h21,-0.003023916500070593,3566.92475
exog_2_D-7_h22,-0.00017877603706112867,3787.457
exog_2_D-7_h23,-0.002403020910604715,4006.4815
exog_2_D0_h00,-0.00019523848563440625,1978.1815
exog_2_D0_h01,0.004273361746376189,1789.32325
exog_2_D0_h02,0.004385923155066979,1619.2855
exog_2_D0_h03,0.015661305194251966,1427.95775
exog_2_D0_h04,0.014623039293747215,1303.4245
exog_2_D0_h05,0.015323123550939198,1260.698
exog_2_D0_h06,0.03472334374726281,1253.80125
exog_2_D0_h07,0.0628089338008566,1247.39425
exog_2_D0_h08,0.7529232809674566,1502.751
exog_2_D0_h09,1.4408609823013934,2437.97525
exog_2_D0_h10,0.6993535195358277,3494.993
exog_2_D0_h11,0.3160971242270694,4264.5962500000005
exog_2_D0_h12,0.20980898170151943,4607.7585
exog_2_D0_h13,0.7675423063277653,4464.81225
exog_2_D0_h14,0.2557559645197332,3837.59175
exog_2_D0_h15,0.40298158289505376,2802.282
exog_2_D0_h16,0.33096562171129384,1856.58625
exog_2_D0_h17,0.5910952244729584,1780.0990000000002
exog_2_D0_h18,0.3175099415773169,1983.2825
exog_2_D0_h19,0.27957449523576366,2138.237
exog_2_D0_h20,0.2376038790352298,2233.793
exog_2_D0_h21,0.1329251918298043,2361.99625
exog_2_D0_h22,0.17564396048418798,2477.62075
exog_2_D0_h23,0.17286363986475412,2577.2085
dow_0,-0.0004332003091948328,0.0
dow_1,0.0,1.0
dow_2,-1.5399092298243124e-05,0.0
dow_3,-0.0005516992136105394,0.0
dow_4,0.01815326569832085,0.0
dow_5,0.003634148874632002,0.0
dow_6,0.006782516794484193,0.0
